ID,Name,Pos,tier,tierValue,recommendedDrawWeight,Positive,Negative,Neutral,years active,scout hint,extraHint1,extraHint2
,Magic Johnson,PG,HALL_OF_FAMER,5,0.05,Recorded 24 assists in an NBA playoff game.,A knee injury wrecked most of his second season.,Returned after four years away and played again in 1996.,"1979-1991, 1996","Lost Rookie of the Year, then won Finals MVP.",Was the No. 1 pick in 1979.,Started at center in a Finals clincher and posted 42/15/7.
,Stephen Curry,PG,HALL_OF_FAMER,5,0.05,2009-10 All-Rookie ,Played only 5 games in the 2019-20 season.,Selected 7th overall in the 2009 draft.,2009-present,Led the NBA in steals in 2015-16.,Made 402 three-pointers in the 2015-16 season.,Became the NBA's first unanimous MVP.
,Oscar Robertson,PG,HALL_OF_FAMER,5,0.05,Shot 83.8% from the free-throw line for his career.,Never made an All-Defensive team.,Played for 2 NBA franchises.,1960-1974,Led the NBA in assists 6 times.,Recorded 181 regular-season triple-doubles.,Averaged a triple-double for the entire 1961-62 season.
,Jerry West,PG,HALL_OF_FAMER,5,0.05,Averaged 6.7 assists per game for his career.,Never won MVP,Played college basketball at West Virginia.,1960-1974,Selected 2nd overall in the 1960 draft.,Averaged 27.0 points per game for his career.,Only player to win Finals MVP on the losing team.
,Chris Paul,PG,HALL_OF_FAMER,5,0.05,Started all 78 games he played as a rookie.,Never won an NBA championship.,Listed at 6-foot-0.,2005-2026,Reached his first NBA Finals in his 16th season.,Made 9 All-Defensive teams.,Retired ranked 2nd all-time in both assists and steals.
,Damian Lillard,PG,ALL_STAR,4,0.15,Played all 82 games in each of his first 3 seasons.,Never reached the NBA Finals.,Selected 6th overall in the 2012 draft.,2012-present,Played college basketball at Weber State.,Scored 71 points in a regular-season game.,Ended two playoff series with buzzer-beating threes.
,Kyrie Irving,PG,ALL_STAR,4,0.15,Shot 47.4% from the field for his career.,Never made an All-Defensive team.,Listed at 6-foot-2.,2011-present,"Born in Melbourne, Australia.",Joined the 50-40-90 club in 2020-21.,Hit the go-ahead three in Game 7 of the 2016 Finals.
,Derrick Rose,PG,ALL_STAR,4,0.15,Won Rookie of the Year.,Shot 31.6% from three for his career.,Played college basketball at Memphis.,2008-2024,Missed the entire 2012-13 season.,Scored a career-high 50 points in 2018.,Became the youngest MVP in NBA history.
,Rajon Rondo,PG,ALL_STAR,4,0.15,Shot 45.6% from the field for his career.,Shot 61.1% from the free-throw line for his career.,Selected 21st overall in the 2006 draft.,2006-2022,Led the NBA in assists 3 times.,Recorded 25 assists in a single game.,Won championships with both Boston and Los Angeles.
,Kyle Lowry,PG,ALL_STAR,4,0.15,Played 20 NBA seasons.,Started only 30 games over his first 4 seasons.,Played for 5 NBA franchises.,2006-2026,Spent 9 seasons with Toronto.,Won the 2019 NBA championship with Toronto.,Retired as Toronto's all-time leader in assists and steals.
,Deron Williams,PG,ALL_STAR,4,0.15,Shot 50.7% from the field in 2007-08.,Played his final NBA game at age 32.,Played college basketball at Illinois.,2005-2017,Selected 3rd overall in the 2005 draft.,Won Olympic gold in both 2008 and 2012.,Made an NBA-record 9 threes in one half in 2013.
,John Wall,PG,ALL_STAR,4,0.15,Made an All-Defensive team once.,Shot 32.2% from three for his career.,Played one college season at Kentucky.,2010-2023,Made 5 NBA All-Star teams.,Made All-NBA Third Team in 2016-17.,Won the 2014 Slam Dunk Contest.
,Kemba Walker,PG,ALL_STAR,4,0.15,Won the NBA Sportsmanship Award twice.,Shot 41.8% from the field for his career.,Played 750 regular-season games.,2011-2023,Selected 9th overall in the 2011 draft.,Became Charlotte's all-time leading scorer.,Won the 2011 NCAA title and Final Four MOP.
,Penny Hardaway,PG,ALL_STAR,4,0.15,Finished 2nd in Rookie of the Year voting.,Played only 4 games in the 2005-06 season.,Played for 4 NBA franchises.,1993-2008,Made All-NBA First Team in consecutive seasons.,Reached the NBA Finals in his second season.,Was traded on draft night for the rights to Chris Webber.
,Steve Francis,PG,ALL_STAR,4,0.15,Averaged 5.6 rebounds per game for his career.,Played only 5 career playoff games.,Attended 3 colleges before entering the NBA.,1999-2008,Selected 2nd overall in the 1999 draft.,Shared Rookie of the Year with Elton Brand.,"Drafted by Vancouver, then traded to Houston before his debut."
,Mike Conley,PG,SOLID,3,0.35,Shot 38.7% from three for his career.,Averaged 13.6 points per game for his career.,Shoots left-handed.,2007-present,Led the NBA with 174 total steals in 2012-13.,Was selected as an NBA All-Star in 2021.,Won the NBA Sportsmanship Award a record 4 times.
,Andre Miller,PG,SOLID,3,0.35,Played all 82 games in 9 different seasons.,Shot 21.7% from three for his career.,Played for 9 NBA franchises.,1999-2016,Led the NBA with 10.9 assists per game in 2001-02.,Scored a career-high 52 points at age 34.,Has the most career assists of any player never selected as an All-Star.
,Mike Bibby,PG,SOLID,3,0.35,Made the NBA All-Rookie team as a rookie.,Never made an NBA All-Star team.,"Played 1,001 regular-season games.",1998-2012,Selected 2nd overall by Vancouver in 1998.,Won the NCAA championship with Arizona as a freshman.,Scored 29 points in Game 7 of the 2002 Western Conference Finals.
,Jason Williams,PG,SOLID,3,0.35,Won the 2006 title as Miami's starting playoff point guard.,Shot under 40% from the field for his career.,Played college basketball at Marshall and Florida.,1998-2011,Made All-Rookie First Team with Sacramento.,Threw the famous elbow pass in the 2000 Rising Stars game.,"Became famous around the league as ""White Chocolate."""
,Kirk Hinrich,PG,SOLID,3,0.35,Started all 80 games he played in 2006-07.,Averaged 4.8 assists per game for his career.,Listed at 6-foot-4.,2003-2016,Played 11 of his 13 NBA seasons with Chicago.,Made the 2007 All-Defensive Second Team.,"Finished as Chicago's franchise leader with 1,049 made threes."
,Mark Jackson,PG,SOLID,3,0.35,Averaged 8.0 assists per game for his career.,Made only 1 All-Star team in 17 seasons.,"Played 1,296 regular-season games.",1987-2004,Won Rookie of the Year in 1987-88.,Led the NBA in assists in 1996-97.,"Finished his career with 10,334 assists."
,Rod Strickland,PG,SOLID,3,0.35,Shot 45.4% from the field for his career.,Shot 28.2% from three for his career.,Played college basketball at DePaul.,1988-2005,Selected 19th overall in the 1988 draft.,Led the NBA with 10.5 assists per game in 1997-98.,Made All-NBA Second Team despite never making an All-Star team.
,Sam Cassell,PG,SOLID,3,0.35,Shot 86.1% from the free-throw line for his career.,Started only 6 games as a rookie.,Played 993 regular-season games.,1993-2008,Made his lone All-Star team at age 34.,Won NBA championships in each of his first 2 seasons.,Won a third championship 13 years later with Boston.
,Derek Fisher,PG,SOLID,3,0.35,Played 18 NBA seasons.,Averaged 8.3 points per game for his career.,Played college basketball at Little Rock.,1996-2014,"Made 846 threes as a Laker, 2nd in franchise history.",Won 5 NBA championships.,Hit a playoff game-winner with 0.4 seconds remaining in 2004.
,José Calderón,PG,SOLID,3,0.35,Shot 47.2% from the field for his career.,Played only 40 career playoff games.,Was born in Spain.,2005-2019,Recorded 19 assists in a single game in 2009.,Spent his first 8 NBA seasons with Toronto.,Set the NBA single-season free-throw record at 98.1%.
,Ricky Rubio,PG,SOLID,3,0.35,Made the NBA All-Rookie First Team.,Shot 38.8% from the field for his career.,Played 698 regular-season games.,2011-2023,Selected 5th overall in the 2009 draft.,Recorded a career-high 19 assists in one game.,Became the youngest player in a men's Olympic basketball final at age 17.
,George Hill,PG,SOLID,3,0.35,Scored a career-high 37 points in a game.,Never made an NBA All-Star team.,Played college basketball at IUPUI.,2008-2023,Selected 26th overall in the 2008 draft.,Led the NBA in three-point percentage at 46.0% in 2019-20.,Reached the 2018 NBA Finals as Cleveland's starting point guard.
,Jameer Nelson,PG,SOLID,3,0.35,Shot 42.4% from three in his second NBA season.,Shot 68.2% from the free-throw line as a rookie.,Played 878 regular-season games.,2004-2018,Made his lone NBA All-Star team in 2009.,Was the consensus National Player of the Year in college in 2004.,Finished as Orlando's all-time leader in assists.
,Jeff Teague,PG,SOLID,3,0.35,Averaged 5.6 assists per game for his career.,Shot 21.9% from three as a rookie.,Played college basketball at Wake Forest.,2009-2021,Scored a career-high 34 points in a game.,Made the 2015 NBA All-Star team.,Won the 2021 NBA championship after joining Milwaukee midseason.
,Goran Dragić,PG,SOLID,3,0.35,Scored 40 points in a regular-season game.,Started only 1 game as a rookie.,Played 946 regular-season games.,2008-2023,Selected 45th overall in the 2008 draft.,Won Most Improved Player and made All-NBA Third Team in 2014.,Captained Slovenia to its first EuroBasket title and won tournament MVP.
,Reggie Jackson,PG,SOLID,3,0.35,Averaged at least 10 points in 11 straight seasons.,Shot 34.5% from three for his career.,Played college basketball at Boston College.,2011-2025,Selected 24th overall in the 2011 draft.,"Scored a career-high 40 points, including 26 in the fourth quarter.",Won the 2023 NBA championship with Denver.
,Dennis Schröder,PG,SOLID,3,0.35,Averaged 4.9 assists per game for his career.,Shot 34.1% from three for his career.,Listed at 6-foot-1.,2013-present,Selected 17th overall in the 2013 draft.,Finished 2nd in Sixth Man of the Year voting in 2019-20.,Won 2023 FIBA World Cup MVP while leading Germany to its first title.
,Malcolm Brogdon,PG,SOLID,3,0.35,Shot 87.4% from the free-throw line for his career.,Played only 48 games in his second season.,Selected 36th overall in the 2016 draft.,2016-2025,Won NBA Rookie of the Year.,Joined the 50-40-90 club in 2018-19.,Won both Rookie of the Year and Sixth Man of the Year during his career.
,D'Angelo Russell,PG,SOLID,3,0.35,Made the NBA All-Rookie Second Team.,Averaged 2.6 turnovers per game for his career.,Shoots left-handed.,2015-present,Selected 2nd overall in the 2015 draft.,Became Brooklyn's first All-Star since 2014.,Scored a career-high 52 points for Golden State in 2019.
,Tyus Jones,PG,SOLID,3,0.35,Played all 82 games in the 2017-18 season.,Averaged 7.3 points per game for his career.,Selected 24th overall in the 2015 draft.,2015-present,Won the 2015 NCAA title and Final Four Most Outstanding Player.,Led the NBA in assist-to-turnover ratio for 6 consecutive seasons.,Set the NBA single-season assist-to-turnover ratio record 3 separate times.
,Jamal Crawford,PG,BENCH,2,0.3,Played 20 NBA seasons.,Shot 34.8% from three for his career.,Played college basketball at Michigan.,2000-2020,Won Sixth Man of the Year 3 times.,Recorded an NBA-record 55 four-point plays.,"Scored 51 points at age 39, the oldest 50-point game ever."
,Lou Williams,PG,BENCH,2,0.3,Shot 84.2% from the free-throw line for his career.,Shot 41.9% from the field for his career.,Entered the NBA directly from high school.,2005-2022,Selected 45th overall in the 2005 draft.,Won Sixth Man of the Year 3 times.,"Retired as the NBA's all-time leader with 13,396 bench points."
,Jason Terry,PG,BENCH,2,0.3,Shot 38.0% from three for his career.,Never made an NBA All-Star team.,Played college basketball at Arizona.,1999-2018,Selected 10th overall in the 1999 draft.,Won Sixth Man of the Year in 2008-09.,Scored 27 points off the bench in the title-clinching 2011 Finals game.
,Nate Robinson,PG,BENCH,2,0.3,Shot 39.7% from three as a rookie.,Averaged 3.0 assists per game for his career.,Played college basketball at Washington.,2005-2015,Selected 21st overall in the 2005 draft.,Scored 34 points in a triple-overtime playoff win.,Became the first and only 3-time Slam Dunk Contest champion.
,Shaun Livingston,PG,BENCH,2,0.3,Shot 48.6% from the field for his career.,Shot 17.8% from three for his career.,Played 833 regular-season games.,2004-2019,Selected 4th overall in the 2004 draft.,Won 3 NBA championships with Golden State.,Was part of all 5 straight Warriors Finals teams from 2015-19.
,Patrick Beverley,PG,BENCH,2,0.3,Shot 37.1% from three for his career.,Averaged 8.3 points per game for his career.,Played college basketball at Arkansas.,2013-2024,Spent 3 years overseas before making his NBA debut.,Made 3 NBA All-Defensive teams.,Made First Team All-Defense and won the Hustle Award in 2017.
,J.J. Barea,PG,BENCH,2,0.3,Averaged 3.9 assists per game for his career.,Shot 42.4% from the field for his career.,Born in Puerto Rico.,2006-2020,Went undrafted in the 2006 NBA Draft.,Won the 2011 NBA championship with Dallas.,Entered Dallas's starting lineup in Game 4 of the 2011 Finals.
,Mario Chalmers,PG,BENCH,2,0.3,Started all 82 games as a rookie.,Averaged 8.9 points per game for his career.,"Born in Anchorage, Alaska.",2008-2018,Recorded 9 steals in a single game.,Won 2 NBA championships with Miami.,Hit the game-tying three with 2.1 seconds left in the 2008 NCAA title game.
,Jeremy Lin,PG,BENCH,2,0.3,Shot 80.9% from the free-throw line for his career.,Shot 34.2% from three for his career.,Played for 8 NBA franchises.,2010-2019,Went undrafted in 2010.,Scored 38 points against the Lakers during his 2012 breakout.,Became the first player with 20+ points and 7+ assists in each of his first 5 starts.
,Muggsy Bogues,PG,BENCH,2,0.3,Averaged 7.6 assists per game for his career.,Shot 27.8% from three for his career.,Selected 12th overall in the 1987 draft.,1987-2001,Averaged 10.7 assists per game in 1989-90.,Remains Charlotte's all-time leader in both assists and steals.,"At 5-foot-3, was the shortest player in NBA history."
,Spud Webb,PG,BENCH,2,0.3,Shot 84.8% from the free-throw line for his career.,Shot 31.4% from three for his career.,Played 814 regular-season games.,"1985-1996, 1997-1998",Selected 87th overall in the 1985 draft.,Won the 1986 Slam Dunk Contest.,"At 5-foot-6, became the shortest Slam Dunk Contest champion."
,Darrell Armstrong,PG,BENCH,2,0.3,Averaged 6.7 assists per game in 1998-99.,Shot 40.9% from the field for his career.,Played college basketball at Fayetteville State.,1995-2008,Went undrafted and reached the NBA at age 26.,Finished his Orlando career 2nd in franchise history in steals.,Only player to win Most Improved and Sixth Man in the same season.
,Rafer Alston,PG,BENCH,2,0.3,Averaged 4.8 assists per game for his career.,Shot 38.3% from the field for his career.,Played college basketball at Fresno State.,2000-2010,Selected 39th overall in the 1998 draft.,Scored 20 points in Orlando's first NBA Finals win.,"His streetball tape inspired AND1's original Mixtape as ""Skip 2 My Lou."""
,Jarrett Jack,PG,BENCH,2,0.3,Played all 82 games in back-to-back seasons.,Shot 34.3% from three for his career.,Listed at 6-foot-3.,2005-2018,Selected 22nd overall in the 2005 draft.,Finished 3rd in Sixth Man of the Year voting in 2013.,Scored 20+ points in 4 straight 2013 playoff games against Denver.
,D.J. Augustin,PG,BENCH,2,0.3,Shot 86.7% from the free-throw line for his career.,Started only 2 games in his second NBA season.,Played 976 regular-season games.,2008-2022,Selected 9th overall in the 2008 draft.,Made the 2009 All-Rookie Second Team.,Hit the Game 1 playoff winner against eventual champion Toronto in 2019.
,Darren Collison,PG,BENCH,2,0.3,Shot 47.1% from the field for his career.,Averaged 2.7 turnovers per game as a rookie.,Played for 5 NBA franchises before his first retirement.,"2009-2019, 2021-2022",Selected 21st overall in the 2009 draft.,Made the 2010 All-Rookie First Team.,Led the NBA in both 3-point percentage and assist-to-turnover ratio in 2017-18.
,Raymond Felton,PG,BENCH,2,0.3,Averaged 5.2 assists per game for his career.,Shot 32.9% from three for his career.,Played 971 regular-season games.,2005-2019,Selected 5th overall in the 2005 draft.,Made the 2006 All-Rookie Second Team.,Was sent to Denver as part of the Carmelo Anthony trade.
,Steve Blake,PG,BENCH,2,0.3,Played 13 NBA seasons.,Averaged 6.5 points per game for his career.,Played college basketball at Maryland.,2003-2016,Selected 38th overall in the 2003 draft.,Won the 2002 NCAA championship with Maryland.,Finished as Maryland's all-time leader with 972 assists.
,Jordan Farmar,PG,BENCH,2,0.3,Shot 37.4% from three for his career.,Averaged 7.7 points per game for his career.,Played 504 regular-season games.,"2006-2012, 2013-2016",Selected 26th overall in the 2006 draft.,Won back-to-back NBA titles in 2009 and 2010.,Became the first player to play a D-League and NBA game on the same day.
,Beno Udrih,PG,BENCH,2,0.3,Shot 46.3% from the field for his career.,Averaged 8.4 points per game for his career.,Was born in Slovenia.,2004-2017,Selected 28th overall in the 2004 draft.,Started 51 games and averaged 12.8 points in his first Sacramento season.,Won 2 NBA championships in his first 3 seasons with San Antonio.
,Markelle Fultz,PG,BUST,1,0.15,Averaged 23.2 PPG in his lone Washington season.,A nerve condition disrupted his shoulder and shooting.,Played one college season at Washington.,2017-present,Philadelphia traded up from No. 3 to No. 1 for him.,Played only 14 games as a rookie.,Became the NBA's youngest triple-double player at 19.
,Jonny Flynn,PG,BUST,1,0.15,Made All-Rookie Second Team after starting 81 games.,His NBA career lasted only three seasons.,Played two college seasons at Syracuse.,2009-2012,"Logged 67 minutes, 34 points and 11 assists in a six-OT win.","Minnesota drafted Rubio 5th, then him 6th.",Stephen Curry was taken 7th.
,Emmanuel Mudiay,PG,BUST,1,0.15,Scored 32 points in a regular-season game.,Shot 67.0% from the free-throw line as a rookie.,Played 302 regular-season games.,"2015-2020, 2021-2022","Was born in Kinshasa, Democratic Republic of the Congo.",Selected 7th overall in the 2015 draft.,Played professionally in China instead of college before entering the draft.
,Dennis Smith Jr.,PG,BUST,1,0.15,Made the NBA All-Rookie Second Team.,Shot 39.5% from the field as a rookie.,Played college basketball at NC State.,2017-2024,Recorded a triple-double at age 20.,Selected 9th overall in the 2017 draft.,Was traded to New York in the Kristaps Porzingis deal.
,Kris Dunn,PG,BUST,1,0.15,Played 78 games as a rookie.,Shot 61.0% from the free-throw line as a rookie.,Played college basketball at Providence.,2016-present,Selected 5th overall in the 2016 draft.,Finished 4th in the NBA in total steals in 2019-20.,Was traded with Zach LaVine and the No. 7 pick for Jimmy Butler.
,Michael Carter-Williams,PG,BUST,1,0.15,Averaged 4.3 rebounds per game for his career.,Shot 25.6% from three for his career.,Played 395 regular-season games.,2013-2023,Selected 11th overall in the 2013 draft.,Won NBA Rookie of the Year.,"Had 22 points, 12 assists, 9 steals and 7 rebounds in his NBA debut."
,Jimmer Fredette,PG,BUST,1,0.15,Shot 87.9% from the free-throw line for his career.,Averaged 1.4 assists per game for his career.,Played college basketball at BYU.,"2011-2016, 2019",Selected 10th overall in the 2011 draft.,Averaged 37 points per game across 3 seasons in China.,Scored 75 points in a Chinese Basketball Association game.
,Kendall Marshall,PG,BUST,1,0.15,Averaged 4.9 assists per game for his career.,Shot 61.1% from the free-throw line for his career.,Shoots left-handed.,2012-2016,Selected 13th overall in the 2012 draft.,Won the 2012 Bob Cousy Award.,"Averaged 8.8 assists for the Lakers in 2013-14, second in the NBA."
,Sebastian Telfair,PG,BUST,1,0.15,Played 10 NBA seasons.,Shot 39.0% from the field for his career.,Made the Sports Illustrated cover while still in high school.,"2004-2013, 2014-2015",Signed an eight-figure shoe deal before entering the NBA.,Portland drafted him 13th straight out of high school.,His cousin is Stephon Marbury.
,Acie Law,PG,BUST,1,0.15,Shot 81.7% from the free-throw line in his second season.,Shot 23.5% from three for his career.,Listed at 6-foot-3.,2007-2011,Selected 11th overall in the 2007 draft.,Won the 2007 Bob Cousy Award as the nation's top college point guard.,Became Texas A&M's first consensus First-Team All-American.
,Marcus Banks,PG,BUST,1,0.15,Shot 46.8% from the field in 2005-06.,Averaged 5.9 points per game for his career.,Attended Dixie State and UNLV.,2003-2011,Won Mountain West Defensive Player of the Year twice.,Selected 13th overall in the 2003 draft.,Was traded to Boston on draft night alongside Kendrick Perkins.
,Mateen Cleaves,PG,BUST,1,0.15,Played 78 games as a rookie.,Shot 26.7% from three for his career.,"Born in Flint, Michigan.",2000-2006,Selected 14th overall in the 2000 draft.,Was a 3-time consensus All-American and 2-time Big Ten Player of the Year.,Won the 2000 NCAA title and Final Four Most Outstanding Player.
,Marquis Teague,PG,BUST,1,0.15,Averaged 4.8 assists in his only college season.,Started only 3 of his 91 NBA games.,Listed at 6-foot-2.,"2012-2014, 2018",Returned to the NBA in 2018 after 4 seasons away.,Won the 2012 NCAA championship as Kentucky's starting point guard.,His older brother Jeff became an NBA All-Star point guard.
,Tyler Ennis,PG,BUST,1,0.15,Made the All-ACC Defensive Team as a freshman.,Played only 186 NBA games.,"Born in Brampton, Ontario.",2014-2018,Selected 18th overall in the 2014 draft.,Led the ACC in both assists and steals as a freshman.,Hit a near-half-court buzzer-beater to keep Syracuse 24-0.
,Frank Ntilikina,PG,BUST,1,0.15,Recorded 11 assists in a game as a rookie.,Shot 36.9% from the field for his career.,Played for 3 NBA franchises.,2017-2024,Won back-to-back French League Best Young Player awards.,Selected 8th overall by New York in the 2017 draft.,Won U18 European Championship MVP after a 31-point title-game performance.
,Michael Jordan,SG,HALL_OF_FAMER,5,0.05,"Scored 3,041 points in the 1986-87 season.",Missed 64 games in year two with a broken foot.,Played three college seasons at North Carolina.,"1984-1993, 1995-1998, 2001-2003",Scored an NBA playoff-record 63 against Boston.,Won MVP and Defensive Player of the Year together.,"Left basketball for professional baseball, then returned."
,Kobe Bryant,SG,HALL_OF_FAMER,5,0.05,Averaged 4.7 assists per game for his career.,Shot 32.9% from three for his career.,Entered the NBA directly from high school.,1996-2016,Selected 13th overall in the 1996 draft.,Made 12 NBA All-Defensive teams.,Scored 81 points in a regular-season game.
,Dwyane Wade,SG,HALL_OF_FAMER,5,0.05,Started 56 of 61 games as a rookie.,Played only 51 games in the 2007-08 season.,"Born in Chicago, Illinois.",2003-2019,Led the NBA with 30.2 points per game in 2008-09.,Blocked more shots than any guard when including playoffs.,Averaged 34.7 points and won the 2006 Finals MVP.
,Allen Iverson,SG,HALL_OF_FAMER,5,0.05,Shot 46.1% from the field in his second season.,Averaged 4.4 turnovers per game as a rookie.,Played 914 regular-season games.,1996-2010,Led the NBA in minutes per game 7 times.,Won 4 scoring titles and 3 steals titles.,Scored 48 points in Game 1 of the 2001 Finals.
,Clyde Drexler,SG,HALL_OF_FAMER,5,0.05,Shot 47.2% from the field for his career.,Averaged only 7.7 points per game as a rookie.,Played college basketball at Houston.,1983-1998,Made 10 NBA All-Star teams.,Reached the NBA Finals twice with Portland.,Was traded to Houston midseason and won the 1995 championship.
,James Harden,SG,ALL_STAR,4,0.15,Shot 86.3% from the free-throw line for his career.,Averaged 3.8 turnovers per game for his career.,"Born in Los Angeles, California.",2009-present,Won Sixth Man of the Year in his third season.,Won 3 consecutive NBA scoring titles.,Averaged 36.1 points per game in 2018-19.
,Tracy McGrady,SG,ALL_STAR,4,0.15,Averaged 5.6 rebounds per game for his career.,Shot 33.8% from three for his career.,Listed at 6-foot-8.,"1997-2012, 2013",Entered the NBA directly from high school.,Won back-to-back NBA scoring titles.,Scored 13 points in the final 35 seconds of a win.
,Ray Allen,SG,ALL_STAR,4,0.15,Started 81 of 82 games as a rookie.,Never made an NBA All-Defensive team.,Played college basketball at UConn.,1996-2014,Selected 5th overall in the 1996 draft.,Made 10 NBA All-Star teams.,Hit the game-tying three with 5.2 seconds left in Game 6 of the 2013 Finals.
,Reggie Miller,SG,ALL_STAR,4,0.15,Shot 48.8% from the field as a rookie.,Averaged 3.0 rebounds per game for his career.,"Played 1,389 regular-season games.",1987-2005,Played college basketball at UCLA.,Made 5 NBA All-Star teams.,Scored 8 points in 9 seconds against the Knicks.
,Vince Carter,SG,ALL_STAR,4,0.15,Averaged 4.3 rebounds per game for his career.,Played only 43 games in the 2002-03 season.,Selected 5th overall in the 1998 draft.,1998-2020,Won Rookie of the Year in 1998-99.,Won the 2000 Slam Dunk Contest.,Became the only NBA player to appear in 4 different decades.
,Klay Thompson,SG,ALL_STAR,4,0.15,Played all 82 games in the 2012-13 season.,Averaged 2.2 assists per game for his career.,Played college basketball at Washington State.,"2011-2019, 2022-present",Made an NBA All-Defensive team in 2018-19.,Scored 60 points in only 29 minutes.,Set an NBA record with 14 threes in one game.
,Manu Ginóbili,SG,ALL_STAR,4,0.15,Shot 82.7% from the free-throw line for his career.,"Started only 349 of 1,057 regular-season games.",Listed at 6-foot-6.,2002-2018,Selected 57th overall in the 1999 draft.,Won 4 NBA championships.,Won Olympic gold and EuroLeague MVP outside the NBA.
,DeMar DeRozan,SG,ALL_STAR,4,0.15,Played all 82 games in 2 of his first 4 seasons.,Shot 30.2% from three for his career.,Played one college season at USC.,2009-present,Spent his first 9 NBA seasons with Toronto.,Made 6 NBA All-Star teams.,Set Toronto's franchise record with a 52-point game.
,Joe Dumars,SG,ALL_STAR,4,0.15,Averaged 4.5 assists per game for his career.,Averaged 2.2 rebounds per game for his career.,Selected 18th overall in the 1985 draft.,1985-1999,Played all 14 NBA seasons with Detroit.,Made 5 NBA All-Defensive teams.,Won the 1989 Finals MVP.
,Mitch Richmond,SG,ALL_STAR,4,0.15,Shot 38.8% from three for his career.,Never made an NBA All-Defensive team.,Played college basketball at Kansas State.,1988-2002,Won Rookie of the Year in 1988-89.,Won the 1995 NBA All-Star Game MVP.,Was part of Golden State's famous Run TMC trio.
,CJ McCollum,SG,SOLID,3,0.35,Averaged 3.8 assists per game for his career.,Played only 38 games as a rookie.,Listed at 6-foot-3.,2013-present,Selected 10th overall in the 2013 draft.,Won Most Improved Player in 2015-16.,Scored 50 points in just 29 minutes and 16 seconds.
,Monta Ellis,SG,SOLID,3,0.35,Averaged 4.6 assists per game for his career.,Shot 31.4% from three for his career.,Listed at 6-foot-3.,2005-2017,Entered the NBA directly from high school.,Won Most Improved Player in 2006-07.,Averaged 25.5 points in 2009-10 and scored a career-high 48.
,Jason Richardson,SG,SOLID,3,0.35,Averaged 5.0 rebounds per game for his career.,Shot 70.7% from the free-throw line for his career.,Played college basketball at Michigan State.,2001-2015,Selected 5th overall in the 2001 draft.,Averaged 23.2 points per game in 2005-06.,Won back-to-back Slam Dunk Contests in 2002 and 2003.
,Kevin Martin,SG,SOLID,3,0.35,Averaged 17.4 points per game for his career.,Averaged 1.9 assists per game for his career.,Played college basketball at Western Carolina.,2004-2016,Selected 26th overall in the 2004 draft.,Averaged 24.6 points per game in 2007-08.,Scored 50 points while making only 11 field goals.
,Eric Gordon,SG,SOLID,3,0.35,Made the NBA All-Rookie Second Team.,Averaged 2.3 rebounds per game for his career.,Played college basketball at Indiana.,2008-present,Selected 7th overall in the 2008 draft.,Won Sixth Man of the Year in 2016-17.,Scored a career-high 50 points in 2020.
,JJ Redick,SG,SOLID,3,0.35,Played 15 NBA seasons.,Averaged 2.0 rebounds per game for his career.,Played 940 regular-season games.,2006-2021,Selected 11th overall in the 2006 draft.,Led the NBA at 47.5% from three in 2015-16.,Graduated from Duke as the NCAA career leader with 457 threes.
,J.R. Smith,SG,SOLID,3,0.35,Won championships with Cleveland and the Lakers.,Never made an NBA All-Star team in 16 seasons.,Entered the NBA directly from high school.,2004-2020,Won Sixth Man of the Year in 2013.,Became a college golfer at age 36 after the NBA.,Dribbled toward midcourt in the tied 2018 Finals Game 1.
,Danny Green,SG,SOLID,3,0.35,Played 832 regular-season games.,Averaged 8.7 points per game for his career.,Played college basketball at North Carolina.,2009-2023,Selected 46th overall in the 2009 draft.,Made the 2017 All-Defensive Second Team.,Broke the NBA Finals record with 23 threes in 2013.
,Wesley Matthews,SG,SOLID,3,0.35,Started 48 games as a rookie.,Shot 41.9% from the field for his career.,"Born in San Antonio, Texas.",2009-2024,Went undrafted in 2009.,Made 10 threes in a single game in 2015.,Became the NBA's all-time leader in threes by an undrafted player.
,Kentavious Caldwell-Pope,SG,SOLID,3,0.35,Started all 82 games in his second season.,Shot 42.7% from the field for his career.,Played college basketball at Georgia.,2013-present,Selected 8th overall in the 2013 draft.,Won the 2020 NBA championship with the Lakers.,Won another championship with Denver in 2023.
,Avery Bradley,SG,SOLID,3,0.35,Played 12 NBA seasons.,Averaged 1.7 assists per game for his career.,"Born in Tacoma, Washington.",2010-2022,Selected 19th overall in the 2010 draft.,Made the 2013 All-Defensive Second Team.,Made First Team All-Defense and finished 6th in DPOY voting in 2016.
,Tony Allen,SG,SOLID,3,0.35,Averaged 1.4 steals per game for his career.,Shot 28.2% from three for his career.,Played 820 regular-season games.,2004-2018,Selected 25th overall in the 2004 draft.,Made 6 NBA All-Defensive teams.,Had his No. 9 retired by the Memphis Grizzlies.
,Raja Bell,SG,SOLID,3,0.35,Shot 40.6% from three for his career.,Never made an NBA All-Star team.,Was born in the U.S. Virgin Islands.,2001-2012,Went undrafted before reaching the 2001 Finals.,Made back-to-back All-Defensive teams in Phoenix.,Was ejected for clotheslining Kobe in the 2006 playoffs.
,Doug Christie,SG,SOLID,3,0.35,Averaged 4.1 rebounds per game for his career.,Played only 23 games as a rookie.,"Born in Seattle, Washington.",1993-2007,Selected 17th overall in the 1992 draft.,Made 4 consecutive NBA All-Defensive teams.,Averaged 2.3 steals and made First Team All-Defense in 2002-03.
,Jeff Hornacek,SG,SOLID,3,0.35,Won consecutive Three-Point Contests.,Made only one All-Star team in 14 seasons.,Began his Iowa State career as a walk-on.,1986-2000,Was drafted 46th overall in 1986.,Iowa State later retired his No. 14.,Touched his face before free throws as a signal to his children.
,John Starks,SG,SOLID,3,0.35,Averaged 3.6 assists per game for his career.,Shot 41.2% from the field for his career.,Attended 3 different colleges.,"1988-1989, 1990-2002",Entered the NBA undrafted.,Became an All-Star and an All-Defensive selection with New York.,Shot 2-for-18 in Game 7 of the 1994 NBA Finals.
,Hersey Hawkins,SG,SOLID,3,0.35,Started 79 games as a rookie.,Averaged 2.9 assists per game for his career.,Played 983 regular-season games.,1988-2001,Selected 6th overall in the 1988 draft.,Made the 1991 NBA All-Star team.,Led the NCAA at 36.3 points per game and won National Player of the Year.
,Nick Anderson,SG,SOLID,3,0.35,Scored 50 points in an NBA game.,Shot 66.7% from the line for his career.,Was the first draft pick in Orlando Magic history.,1989-2002,Stripped Michael Jordan late in a 1995 playoff win.,Held Orlando's franchise scoring record for years.,Missed four straight free throws late in 1995 Finals Game 1.
,Kerry Kittles,SG,SOLID,3,0.35,Shot 37.8% from three for his career.,Played only 507 regular-season games.,Listed at 6-foot-5.,"1996-2000, 2001-2005",Selected 8th overall in the 1996 draft.,Started for Brooklyn's predecessor in back-to-back NBA Finals runs.,Finished college as Villanova's career leader in both points and steals.
,Ben Gordon,SG,SOLID,3,0.35,Shot 40.1% from three for his career.,Averaged 2.5 assists per game for his career.,"Born in London, England.",2004-2015,Selected 3rd overall in the 2004 draft.,Played all 82 games as a rookie while starting only 3.,Became the first rookie in NBA history to win Sixth Man of the Year.
,Jamal Crawford,SG,BENCH,2,0.3,"Played 1,327 NBA games.",Never made an NBA All-Star team.,Played only 17 college games.,2000-2020,"Cleveland drafted him eighth, then traded him immediately.",Made an NBA-record 55 four-point plays.,Became the oldest player ever to score 50.
,Lou Williams,SG,BENCH,2,0.3,"Played 1,123 NBA games.","Started about 120 of 1,123 NBA games.",Skipped college after winning national high-school Player of the Year.,2005-2022,Dropped to pick 45 after poor predraft workouts.,Led his team in scoring without starting a game.,Inspired Drake's song “6 Man.”
,Leandro Barbosa,SG,BENCH,2,0.3,Won NBA Sixth Man of the Year.,Averaged only 2.1 assists for his career.,Turned pro in Brazil at 17.,2003-2017,Went 28th without playing U.S. college basketball.,His speed earned the nickname “Brazilian Blur.”,Won NBA titles as both player and assistant coach.
,Dell Curry,SG,BENCH,2,0.3,Shot 40.2% from three across 16 seasons.,Never made an NBA All-Star team.,Was drafted in professional baseball twice.,1986-2002,Practiced his jumper inside his coach's barn.,Once pitched with Muggsy Bogues playing second base.,Both of his sons became longtime NBA guards.
,Vinnie Johnson,SG,BENCH,2,0.3,"Scored over 11,000 NBA points.",Shot 25.4% from three for his career.,Averaged 24.1 PPG at Baylor.,1979-1992,Danny Ainge nicknamed him for heating up instantly.,Hit a title-clinching jumper with 0.7 seconds left.,Built a major Detroit automotive business after retiring.
,Marco Belinelli,SG,BENCH,2,0.3,Played 860 NBA games.,Averaged only 2.9 PPG as a rookie.,Debuted in Italy's top league before turning 17.,2007-2020,Practiced with Manu Ginóbili at age 15.,Won the 2014 NBA Three-Point Contest.,Became the first Italian-born NBA champion.
,Nick Young,SG,BENCH,2,0.3,Played 720 NBA games.,Averaged exactly 1.0 assist per game.,One of his NBA relatives is Kevon Looney.,2007-2018,Invented his own famous nickname.,His confused reaction to his mother became a huge meme.,Another cousin is Kendrick Lamar.
,Gerald Green,SG,BENCH,2,0.3,Won an NBA Slam Dunk Contest.,Averaged only 0.9 assists per game.,Didn't reach varsity basketball until high school.,"2006-2008, 2012-2019",Lost part of a finger in a childhood basketball accident.,Blew out a candle on the rim during a dunk contest.,Won McDonald's and NBA dunk contests within two years.
,Iman Shumpert,SG,BENCH,2,0.3,Made All-Rookie and won an NBA championship.,Shot 39.1% from the field for his career.,Was middle-school teammates with Evan Turner.,2011-2021,Played all three perimeter positions in the NBA.,Later won a championship trophy in dancing.,Became the first NBA player to win Dancing with the Stars.
,Thabo Sefolosha,SG,BENCH,2,0.3,Made an NBA All-Defensive Team.,Averaged only 5.7 PPG across 14 seasons.,Speaks three languages and once played drums in a band.,2006-2020,His parents are a painter and professional musician.,A school counselor laughed at his NBA dream.,Became the first Swiss player in NBA history.
,Courtney Lee,SG,BENCH,2,0.3,Played 811 NBA games.,Averaged 9.6 PPG for his career.,Played all four college seasons at Western Kentucky.,2008-2020,Finished college tied for his school's scoring record.,Reached the NBA Finals as a rookie.,Missed a potential Finals winner with 0.6 seconds left.
,Alec Burks,SG,BENCH,2,0.3,Played 791 NBA games.,Started 158 of 791 NBA games.,Was lightly recruited and grew after committing.,2011-2025,Became Colorado's first Big 12 Freshman of the Year.,Missed only one game in his college career.,Went 12th overall after only two college seasons.
,Rodney Stuckey,SG,BENCH,2,0.3,Averaged 12.6 PPG across 651 NBA games.,Shot exactly 30.0% from three for his career.,Spent his first college year playing intramurals.,2007-2017,Won an intramural title before playing varsity college ball.,Became the Big Sky's first freshman league MVP.,Once scored 40 in an NBA game.
,Austin Rivers,SG,BENCH,2,0.3,Played 707 NBA games.,Shot only 65.3% from the line for his career.,Was named after an NBA player who wasn't his father.,2012-2023,Hit a buzzer-beating three in college basketball's biggest rivalry.,His buzzer-beater ended a 31-game home winning streak.,Became the first NBA player coached by his own father.
,DeShawn Stevenson,SG,BENCH,2,0.3,Played 824 NBA games and won a championship.,Shot 40.6% from the field for his career.,Committed to Kansas before jumping straight to the NBA.,2000-2013,His future college coach called him his most gifted recruit.,Had an Abraham Lincoln tattoo on his neck.,Kept a working ATM inside his kitchen.
,Shannon Brown,SG,BENCH,2,0.3,Won back-to-back NBA championships.,Averaged only 7.6 PPG across 408 games.,Was a top-three national high-school recruit.,2006-2014,Was reported to have a 44.5-inch vertical.,His younger brother also reached the NBA.,Had three D-League assignments before becoming a champion.
,Wayne Ellington,SG,BENCH,2,0.3,Played 770 NBA games.,Averaged only 8.0 PPG for his career.,Was a top-10 national high-school recruit.,2009-2022,Won Final Four Most Outstanding Player.,Shot 8-for-10 from three in the 2009 Final Four.,Was nicknamed “The Man with the Golden Arm.”
,Jodie Meeks,SG,BENCH,2,0.3,Shot 87.9% from the line for his NBA career.,Averaged only 9.3 PPG.,Was only the No. 57 high-school recruit.,2009-2019,Set Kentucky's single-game record with 54 points.,Had three regulation games of 45+ in one season.,Still fell to the 41st pick.
,Anthony Morrow,SG,BENCH,2,0.3,Shot 41.7% from three for his NBA career.,Averaged only 0.9 assists per game.,Went completely undrafted.,2008-2017,Dropped 37 points in his first NBA start.,Led the NBA in three-point percentage as a rookie.,Once scored 47 in a Summer League game.
,Tony Delk,SG,BENCH,2,0.3,Won an NCAA title and Final Four MOP.,Averaged only 9.1 PPG in the NBA.,Went 16th in the loaded 1996 draft.,1996-2006,Once scored 53 NBA points without making a three.,Had zero assists in his 53-point NBA game.,"Later won the EuroLeague, Greek League and Greek Cup."
,Ben McLemore,SG,BUST,1,0.15,Shot 42.0% from three in his lone Kansas season.,Averaged only 1.0 assist per NBA game.,Was a redshirt freshman when he starred at Kansas.,2013-2022,Sacramento drafted him 7th overall in 2013.,Banked in a late three to force overtime against Iowa State.,"Scored 36 points, a Kansas freshman record."
,Dion Waiters,SG,BUST,1,0.15,Recorded 11 assists in an NBA game.,Averaged 2.6 rebounds per game for his career.,"Born in Philadelphia, Pennsylvania.",2012-2020,Selected 4th overall in the 2012 draft.,Made the NBA All-Rookie First Team.,"Scored 33 in consecutive games, then hit a game-winning three against Golden State."
,O.J. Mayo,SG,BUST,1,0.15,Averaged 18.5 points per game as a rookie.,Started only 17 games in his third season.,Played one college season at USC.,2008-2016,Selected 3rd overall in the 2008 draft.,Finished 2nd in Rookie of the Year voting.,Had 4 games of 30+ points within his first 17 NBA games.
,Nik Stauskas,SG,BUST,1,0.15,Shot 81.2% from the free-throw line for his NBA career.,Averaged 6.7 points per game for his NBA career.,"Born in Mississauga, Ontario.","2014-2019, 2021-2022",Selected 8th overall in the 2014 draft.,Won Big Ten Player of the Year at Michigan.,"Scored 57 points, then 43 the next night, becoming the first G League player with 100+ in a back-to-back."
,Rashad McCants,SG,BUST,1,0.15,Shot 42.3% from three on UNC's 2005 title team.,His NBA career lasted only five seasons.,Played three college seasons at North Carolina.,2005-2009,Minnesota drafted him 14th overall in 2005.,Was a Final Four All-Tournament selection.,Won the 2005 NCAA championship with North Carolina.
,Dajuan Wagner,SG,BUST,1,0.15,Averaged 21.2 PPG in his lone Memphis season.,Played only three seasons with Cleveland.,Played one college season for John Calipari.,"2002-2005, 2006-2007",His father won both NCAA and NBA championships.,Cleveland drafted him 6th overall in 2002.,Scored 100 points in a high-school game.
,James Young,SG,BUST,1,0.15,Scored 20 points in the NCAA championship game.,Averaged 2.3 points per game in the NBA.,Shoots left-handed.,2014-2018,Selected 17th overall in the 2014 draft.,Made the NCAA Final Four All-Tournament Team as a freshman.,His NCAA title-game total of 20 points exceeded his NBA career high of 13.
,Xavier Henry,SG,BUST,1,0.15,Scored 27 points in an NBA game.,Averaged 0.6 assists per game for his career.,"Born in Ghent, Belgium.",2010-2015,Selected 12th overall in the 2010 draft.,Scored 31 points in a college game as a freshman.,"Scored 27 points in his very first college game, then a Kansas freshman-debut record."
,Terrence Williams,SG,BUST,1,0.15,Recorded 14 assists in an NBA game.,Played only 153 NBA games.,Played college basketball at Louisville.,2009-2013,Selected 11th overall in the 2009 draft.,Averaged 8.6 rebounds and 5.0 assists as a college senior.,"Recorded a 27-point, 13-rebound, 10-assist triple-double as a rookie."
,Jarrett Culver,SG,BUST,1,0.15,Scored 26 points in an NBA game.,Averaged 6.5 points per game for his NBA career.,Played college basketball at Texas Tech.,2019-2023,Selected 6th overall in the 2019 draft.,Won Big 12 Player of the Year.,Went from Big 12 Player of the Year to 50.9% career NBA free-throw shooting.
,Romeo Langford,SG,BUST,1,0.15,Scored 23 points in an NBA game.,Averaged 0.7 assists per game for his career.,Played college basketball at Indiana.,2019-2023,Selected 14th overall in the 2019 draft.,"Finished high school with more than 3,000 career points.","Scored 3,002 high-school points, 5th-most in Indiana history, then averaged 4.6 in the NBA."
,Zhaire Smith,SG,BUST,1,0.15,Scored 17 points in an NBA game as a rookie.,Played only 13 NBA games.,Played college basketball at Texas Tech.,2018-2020,Selected 16th overall in the 2018 draft.,Played only 6 games during his rookie season.,Lost more than 30 pounds after a severe allergic reaction and didn't debut until March of his rookie year.
,MarShon Brooks,SG,BUST,1,0.15,Started 47 games and averaged 12.6 points as a rookie.,Played only 200 NBA games.,Played college basketball at Providence.,"2011-2014, 2017-2019",Selected 25th overall in the 2011 draft.,Averaged 24.6 points per game as a college senior.,"Scored 52 points on 20-of-28 shooting, setting a Big East single-game scoring record."
,Kedrick Brown,SG,BUST,1,0.15,Recorded 10 rebounds in an NBA game.,Averaged 3.6 points per game for his career.,Played junior-college basketball before the NBA.,2001-2005,Selected 11th overall in the 2001 draft.,His NBA career high was only 18 points.,Was drafted 11th overall but finished with just 509 total NBA points in 143 games.
,Johnny Davis,SG,BUST,1,0.15,Had back-to-back 20-point NBA games as a rookie.,Averaged 3.5 points per game across his first 3 NBA seasons.,Played college basketball at Wisconsin.,2022-2025,Selected 10th overall in the 2022 draft.,Won Big Ten Player of the Year.,"Dropped 37 points and 14 rebounds against No. 3 Purdue, but his NBA career high was only 20."
,LeBron James,SF,HALL_OF_FAMER,5,0.05,Averaged 7.4 assists per game for his career.,Scored only 8 points and went scoreless in the 4th quarter of a Finals game.,Entered the NBA directly from high school.,2003-present,Won the NBA assists title in 2019-20.,Won 4 MVPs and 4 Finals MVPs.,"Became the first NBA player to reach 40,000 career points."
,Larry Bird,SF,HALL_OF_FAMER,5,0.05,Shot 49.6% from the field for his career.,Played only 6 games in the 1988-89 season.,Selected 6th overall in the 1978 draft.,1979-1992,Led the NBA in free-throw percentage 4 times.,Won 3 consecutive NBA MVP awards.,Won the first 3 NBA Three-Point Contests.
,Kevin Durant,SF,HALL_OF_FAMER,5,0.05,Shot 88.2% from the free-throw line for his career.,Shot 10-for-31 in a Game 6 with a chance to eliminate Golden State.,Listed at 6-foot-11.,"2007-2019, 2020-present",Became the youngest scoring champion in NBA history.,Won 4 NBA scoring titles.,Won back-to-back Finals MVPs with Golden State.
,Julius Erving,SF,HALL_OF_FAMER,5,0.05,Averaged 8.5 rebounds per game for his career.,Averaged 4.6 turnovers per game in 1972-73.,Played college basketball at UMass.,1971-1987,Won 3 ABA scoring titles.,Won 3 consecutive ABA MVP awards.,Won the ABA Slam Dunk Contest with a free-throw-line dunk.
,Scottie Pippen,SF,HALL_OF_FAMER,5,0.05,Averaged 5.2 assists per game for his career.,Refused to re-enter a playoff game for the final 1.8 seconds when the last shot wasn't drawn up for him.,Played 17 NBA seasons.,1987-2004,Made 10 NBA All-Defensive teams.,Won 6 NBA championships.,Won all 6 championships alongside Michael Jordan.
,Kawhi Leonard,SF,ALL_STAR,4,0.15,Averaged 1.7 steals per game for his career.,Missed the entire 2021-22 season.,Was mentioned in a Drake song.,"2011-2021, 2022-present",Selected 15th overall in the 2011 draft.,Won Defensive Player of the Year twice.,Hit the first Game 7 game-winning buzzer-beater in NBA playoff history.
,Paul Pierce,SF,ALL_STAR,4,0.15,Won the 2010 Three-Point Contest.,Never made an NBA All-Defensive team.,Played college basketball at Kansas.,1998-2017,Scored 41 in a Game 7 duel with LeBron.,"Left 2008 Finals Game 1 in a wheelchair, then returned.",Won 2008 Finals MVP.
,Carmelo Anthony,SF,ALL_STAR,4,0.15,Averaged 6.2 rebounds per game for his career.,His teams won only 3 of 16 playoff series.,Played one college season at Syracuse.,2003-2022,Selected 3rd overall in the 2003 draft.,Won the 2012-13 NBA scoring title.,Scored 62 points to set the Knicks single-game record.
,Dominique Wilkins,SF,ALL_STAR,4,0.15,Averaged 6.7 rebounds per game for his career.,Never reached an NBA conference final.,"Born in Paris, France.","1982-1995, 1996-1997, 1998-1999",Selected 3rd overall in the 1982 draft.,Made 9 All-Star teams and 7 All-NBA teams.,Won a scoring title and 2 Slam Dunk Contests.
,Paul George,SF,ALL_STAR,4,0.15,Averaged 6.2 rebounds per game for his career.,Played only 6 games in the 2014-15 season.,Played college basketball at Fresno State.,2010-present,Selected 10th overall in the 2010 draft.,Won Most Improved Player and made 4 All-Defensive teams.,Led the NBA in steals while averaging 28.0 points in 2018-19.
,Jimmy Butler,SF,ALL_STAR,4,0.15,Won Most Improved Player in 2015.,Averaged only 2.6 points as a rookie.,Played three college seasons at Marquette.,2011-present,Was the 30th pick in the 2011 draft.,Sold $20 cups of coffee inside the NBA bubble.,Posted 40/11/13 in a 2020 Finals win.
,Grant Hill,SF,ALL_STAR,4,0.15,Averaged 4.1 assists per game for his career.,Played only 47 games across his first 4 Orlando seasons.,Played college basketball at Duke.,"1994-2003, 2004-2013",Selected 3rd overall in the 1994 draft.,Won Co-Rookie of the Year and made 7 All-Star teams.,Led the NBA with 13 triple-doubles in 1996-97.
,Chris Mullin,SF,ALL_STAR,4,0.15,Shot 50.9% from the field for his career.,Played only 46 games in the 1992-93 season.,Shoots left-handed.,1985-2001,Selected 7th overall in the 1985 draft.,Made 5 All-Star teams and 4 All-NBA teams.,Made All-NBA First Team before joining the 1992 Dream Team.
,Bernard King,SF,ALL_STAR,4,0.15,Shot 51.8% from the field for his career.,Missed all of 1985-86 and played only 6 games the next season.,"Born in Brooklyn, New York.","1977-1985, 1986-1991, 1993",Selected 7th overall in the 1977 draft.,Won the 1984-85 scoring title at 32.9 points per game.,Scored 60 points on Christmas Day in 1984.
,Alex English,SF,ALL_STAR,4,0.15,Averaged 5.5 rebounds per game for his career.,Averaged only 5.2 points per game as a rookie.,Selected 23rd overall in the 1976 draft.,1976-1991,Made 8 consecutive NBA All-Star teams.,Won the 1982-83 NBA scoring title.,Scored more points than any NBA player during the 1980s.
,Andre Iguodala,SF,SOLID,3,0.35,Recorded 16 assists in a regular-season game.,Shot 70.9% from the free-throw line for his career.,Played college basketball at Arizona.,2004-2023,His first regular-season appearance off the bench came in career game No. 759.,Made 1 All-Star team and 2 All-Defensive teams.,Won Finals MVP without starting a single regular-season game that season.
,Rudy Gay,SF,SOLID,3,0.35,Averaged 21.1 points per game in 2014-15.,A torn Achilles ended one of his seasons in January.,Played 2 seasons at UConn.,2006-2023,Won FIBA World Cup gold twice with Team USA.,"Was drafted 8th by Houston, then traded to Memphis for Shane Battier before ever playing for the Rockets.","Played 1,120 regular-season games but only 19 playoff games."
,Tayshaun Prince,SF,SOLID,3,0.35,"Played at least 75 games in 7 of his first 9 seasons, including six 82-game seasons.",Averaged only 3.3 points per game as a rookie.,Shoots left-handed.,2002-2016,Was a four-time All-Defensive selection.,Reached the Conference Finals in each of his first 6 NBA seasons.,Chased down Reggie Miller for a game-saving block late in Game 2 of the 2004 Eastern Conference Finals.
,Shane Battier,SF,SOLID,3,0.35,Was a two-time First-Team Academic All-American in college.,Averaged 8.6 points per game for his NBA career.,"Was born in Birmingham, Michigan.",2001-2014,Won National Player of the Year and Final Four MOP while leading Duke to the 2001 NCAA title.,Duke retired his No. 31 during his senior season.,Hit 6 three-pointers in Game 7 of the 2013 NBA Finals.
,Richard Jefferson,SF,SOLID,3,0.35,Played 17 NBA seasons.,Went 12 seasons and 56 playoff games between NBA Finals appearances.,Was born in Los Angeles but attended high school in Phoenix.,2001-2018,Reached the NBA Finals in each of his first 2 seasons.,Was drafted 13th by Houston and immediately traded to New Jersey.,Won his first championship in his 15th NBA season with Cleveland in 2016.
,Trevor Ariza,SF,SOLID,3,0.35,Was part of 4 teams that reached the Conference Finals before turning 34.,Shot 73.1% from the free-throw line for his career.,Played 1 college season at UCLA.,2004-2022,Entered the NBA as the 43rd overall pick.,Shot 47.6% from three during the Lakers' 2009 championship run.,Stole late inbound passes in both Game 1 and Game 3 of the 2009 Western Conference Finals.
,Luol Deng,SF,SOLID,3,0.35,Averaged double-digit points in each of his first 12 NBA seasons.,"Played 13 minutes in the 2017-18 opener, then was held out for the remaining 81 games.","Was born in Wau, South Sudan.",2004-2019,Led the NBA in minutes per game in consecutive seasons.,Made consecutive All-Star teams and one All-Defensive team.,Signed with Chicago one final time specifically to retire as a Bull.
,Hedo Türkoğlu,SF,SOLID,3,0.35,Shot 38.4% from three over a 15-year NBA career.,Averaged only 5.3 points per game as a rookie.,"Was born in Istanbul, Turkey.",2000-2015,Won Most Improved Player in 2007-08.,Helped Orlando reach the 2009 NBA Finals.,"Put up 25 points, 12 assists and 4 threes in a road Game 7 win over defending champion Boston."
,Danilo Gallinari,SF,SOLID,3,0.35,Shot 87.6% from the free-throw line for his NBA career.,Shot 42.8% from the field for his career.,Was born in Italy.,"2008-2013, 2014-2022, 2023-2024",Started all 71 games he played for a Denver team that won 57 games.,Tore his ACL before Denver's 2013 playoff run and missed the next season.,"Scored 40 points, then topped it with 47 points less than three weeks later in 2015."
,Nicolas Batum,SF,SOLID,3,0.35,Recorded 9 NBA triple-doubles.,Averaged only 5.4 points per game as a rookie.,Played professionally in France for 3 seasons before entering the NBA.,2008-present,"Recorded his 3,000th NBA assist in 2021.",Was named MVP of the 2006 European U18 Championship.,Made a buzzer-beating defensive stop against Slovenia that sent France to the Olympic gold-medal game.
,Harrison Barnes,SF,SOLID,3,0.35,Played all 82 games during the 2014-15 season.,Averaged 9.5 points per game in his second NBA season.,Played 2 seasons at North Carolina.,2012-present,Made the All-Rookie First Team.,"Scored 84 points in one NCAA Tournament, a UNC freshman record.","Learned he had been traded to Sacramento while sitting on Dallas' bench during a game, then remained on the bench supporting his teammates."
,Tobias Harris,SF,SOLID,3,0.35,Has shot 83.8% from the free-throw line for his career.,Did not make his first playoff appearance until 2016.,Played 1 college season at Tennessee.,2011-present,Is a cousin of former NBA player Channing Frye.,A midseason trade took him from 4.9 PPG with Milwaukee to 17.3 PPG with Orlando.,The 2019 deal that sent him to Philadelphia was already his 7th career trade.
,Mike Miller,SF,SOLID,3,0.35,Shot 40.7% from three for his NBA career.,Averaged only 1.3 points per game in his 16th season.,Was born in South Dakota.,2000-2017,Won Rookie of the Year in 2000-01.,"Five seasons later, won Sixth Man of the Year.",Hit a three-pointer in the 2013 NBA Finals while wearing only one shoe.
,Corey Maggette,SF,SOLID,3,0.35,Averaged 22.2 points per game in his best NBA season.,Shot 32.4% from three for his career.,Played college basketball at Duke.,1999-2013,Made 563 free throws in a single season.,Scored a career-high 39 points in an NBA game.,"Played 827 regular-season games but only 12 playoff games, all during one postseason."
,Stephen Jackson,SF,SOLID,3,0.35,Recorded 15 assists in an NBA game.,Shot 41.4% from the field for his career.,Was drafted in 1997 but did not make his NBA debut until 2000.,2000-2014,Won an NBA championship with San Antonio in 2003.,Scored a career-high 43 points.,Scored 33 points in the clinching game as the No. 8 seed Warriors eliminated a 67-win Dallas team in 2007.
,Bruce Bowen,SF,SOLID,3,0.35,Shot 39.3% from three for his career.,Shot only 57.5% from the free-throw line for his career.,Played professionally in France and the CBA before getting an NBA opportunity.,1997-2009,Started 500 consecutive games for San Antonio.,Made an All-Defensive team 8 consecutive seasons.,San Antonio retired his No. 12 even though he never averaged more than 8.2 PPG in a season.
,Toni Kukoč,SF,SOLID,3,0.35,Averaged 3.7 assists per game for his NBA career despite standing 6-foot-10.,Shot 72.9% from the free-throw line for his career.,Was drafted in 1990 but did not make his NBA debut until 1993.,1993-2006,Won Sixth Man of the Year in 1995-96.,"Before entering the NBA, won 3 straight European championships and 3 straight Final Four MVPs.",Hit the playoff game-winner in 1994 on the play Scottie Pippen refused to re-enter the game for because it was drawn up for Kukoč.
,Jalen Rose,SF,SOLID,3,0.35,Recorded 20 assists in an NBA game.,Never made an NBA All-Star team.,Shoots left-handed.,1994-2007,Won Most Improved Player in 1999-00.,Was a member of Michigan's famous Fab Five.,Scored 30 points in Game 2 of the 2000 NBA Finals.
,Mikal Bridges,SF,SOLID,3,0.35,Did not miss an NBA game over his first 6 seasons.,Once scored just 2 points despite playing nearly 42 minutes in a win.,Redshirted his first year at Villanova.,2018-present,Played 83 regular-season games in 2022-23.,"Was drafted by his hometown 76ers while his mother worked for the organization, then was traded that same night.","Won the 2026 NBA championship alongside former Villanova teammates Jalen Brunson and Josh Hart, making them the first trio of teammates to share both an NCAA and NBA title."
,OG Anunoby,SF,SOLID,3,0.35,Has shot 37.7% from three over his NBA career.,Missed an entire championship playoff run after undergoing an emergency appendectomy just before the postseason.,"Was born in London, England.",2017-present,Led the NBA in steals in 2022-23.,Made All-Defensive Second Team in 2023 and 2026.,Hit a game-winning three with 0.5 seconds remaining to save Toronto from a 3-0 playoff deficit against Boston.
,Matt Barnes,SF,BENCH,2,0.3,Won an NBA championship in his final season.,Shot 33.5% from three for his career.,Played college basketball at UCLA.,2004-2017,Was drafted 46th overall in 2002 but did not make his NBA debut until January 2004.,Helped the No. 8 seed Warriors eliminate a 67-win Dallas team in the 2007 playoffs.,Was the player who faked an inbound pass directly at Kobe Bryant's face in the famous no-flinch moment.
,Jared Dudley,SF,BENCH,2,0.3,Played all 82 games in consecutive seasons.,Shot 22.0% from three as a rookie.,Played all four college seasons at Boston College.,2007-2021,Made 120 threes at a 45.8% clip in 2009-10 despite starting only 1 game.,Won the 2020 NBA championship with the Lakers.,Was named ACC Player of the Year at Boston College in 2007.
,James Jones,SF,BENCH,2,0.3,"Shot 44.4% from three in 2007-08, 3rd-best in the NBA.",Averaged only 5.2 points per game for his career.,Earned a finance degree after playing four college seasons at Miami.,2003-2017,Won the 2011 Three-Point Contest.,Reached the NBA Finals in each of his final 7 seasons.,Won 3 NBA championships and never played on a team that finished a season with a losing record.
,Corey Brewer,SF,BENCH,2,0.3,Won an NBA championship in 2011.,Shot 28.4% from three for his NBA career.,Played college basketball at Florida.,2007-2020,Won back-to-back NCAA championships.,Was named the 2007 Final Four Most Outstanding Player.,Randomly erupted for 51 points and 6 steals in a game despite never previously scoring 30 in the NBA.
,Dorell Wright,SF,BENCH,2,0.3,Shot 80.6% from the free-throw line for his career.,Played only 3 games as a rookie.,Entered the NBA directly from high school.,2004-2016,Won an NBA championship with Miami in 2006.,His seventh NBA season produced more points than his first six seasons combined.,Led the entire NBA with 194 made threes in 2010-11.
,Wesley Johnson,SF,BENCH,2,0.3,Started 63 games as a rookie.,Shot 40.4% from the field for his career.,Transferred from Iowa State to Syracuse and had to sit out a season before playing there.,2010-2019,Made the NBA All-Rookie Second Team.,Won Big East Player of the Year and earned consensus All-American honors in his only season at Syracuse.,"Was the defender in James Harden's famous 2018 crossover, pause, stare-down three that became one of the NBA's biggest viral clips."
,Chase Budinger,SF,BENCH,2,0.3,Shot 40.2% from three in 2011-12.,Played only 23 games the following season.,Played college basketball at Arizona.,2009-2016,Was drafted 44th overall and traded to Houston on draft night.,"After 7 NBA seasons, eventually left basketball and became a professional beach-volleyball player.",Represented the United States in beach volleyball at the 2024 Paris Olympics.
,Maurice Harkless,SF,BENCH,2,0.3,Started 59 games as a rookie.,"By his third season, appeared in only 45 games and started 4.",Played one college season at St. John's.,2012-2022,Was drafted 15th by Philadelphia but traded to Orlando before playing an NBA game.,Orlando later traded him to Portland for only a protected future second-round pick.,"Entered the final game of 2016-17 shooting 35.1% from three with a $500,000 bonus requiring 35%, then did not attempt a three and secured the bonus."
,Gerald Green,SF,BENCH,2,0.3,Averaged 15.8 points while shooting 40.0% from three in 2013-14.,Played only 1 NBA game in the 2007-08 season.,Entered the NBA directly from high school.,"2005-2009, 2011-2019",Spent two full seasons playing in Russia before returning to the NBA.,Won the 2007 NBA Slam Dunk Contest.,Played his entire NBA career with only four fingers on his right hand following a childhood accident.
,Mickaël Piétrus,SF,BENCH,2,0.3,Averaged 10.5 points per game across 24 playoff games in 2009.,Shot 66.5% from the free-throw line for his career.,Was born in Guadeloupe.,2003-2013,Was selected 11th overall in the 2003 draft.,Was a major reserve during Orlando's run through the 2009 playoffs.,"Was known throughout his NBA career by the nickname ""Air France."""
,Carlos Delfino,SF,BENCH,2,0.3,Averaged 10.6 points per game in his final NBA season.,Shot 40.1% from the field for his career.,"Was born in Santa Fe, Argentina.","2004-2008, 2009-2013",His final NBA playoff run ended with a foot fracture that required surgery.,Appeared for Argentina in the 2004 Olympic semifinal against the United States and the gold-medal final against Italy.,Threw down a memorable fast-break dunk over Kevin Durant in Game 4 of the 2013 playoffs.
,Martell Webster,SF,BENCH,2,0.3,Shot 42.2% from three during his career-best scoring season.,Played only 5 total minutes in the entire 2008-09 season.,Entered the NBA directly from Seattle Prep.,2005-2015,Was selected 6th overall in the 2005 draft.,Scored a career-high 34 points while making 7 threes in a game in 2013.,Is the cousin of longtime NBA guard Jason Terry.
,Linas Kleiza,SF,BENCH,2,0.3,Played all 82 games in 2008-09.,Shot 33.5% from three for his NBA career.,Was born in Lithuania and played college basketball at Missouri.,"2005-2009, 2010-2013",Finished 11th in Sixth Man of the Year voting in 2007-08.,"Left the NBA for a season to play for Olympiacos in Greece, then returned with Toronto.",Scored 41 points and grabbed 9 rebounds in a 2008 game alongside Allen Iverson and Carmelo Anthony.
,Rasual Butler,SF,BENCH,2,0.3,Started 74 games in the 2008-09 season.,Shot 40.3% from the field for his career.,Played college basketball at La Salle.,"2002-2012, 2013-2016","After 10 straight NBA seasons, spent 2012-13 in the D-League before making it back to the NBA.","At age 35, appeared in 75 games and shot 38.7% from three for Washington.",Was drafted 53rd overall but still lasted 13 NBA seasons and played 809 games.
,Luke Walton,SF,BENCH,2,0.3,Averaged 4.3 assists per game in his best NBA season.,Shot 32.6% from three for his career.,Played college basketball at Arizona.,2003-2013,Was drafted 32nd overall in 2003.,Won back-to-back NBA championships with the Lakers in 2009 and 2010.,"His father, Bill Walton, also won exactly 2 NBA championships, making them the only father-son combination to each win multiple NBA titles."
,Quincy Pondexter,SF,BENCH,2,0.3,Shot 45.3% from three during Memphis' 2013 playoff run.,Played only 15 games in 2013-14.,Played college basketball at Washington.,"2010-2015, 2017-2019","Began his NBA career in New Orleans, left for Memphis, then was reacquired by New Orleans in 2015.","After joining New Orleans in 2015, shot 43.3% from three after shooting 23.3% for Memphis.","At one point went 863 days without appearing in an NBA game, with knee issues requiring three separate procedures during the absence."
,Solomon Hill,SF,BENCH,2,0.3,Played all 82 games and started 78 in 2014-15.,"The following season, started only 3 games and took 23 DNP-CDs.",Played college basketball at Arizona.,2013-2022,Volunteered to play Summer League immediately after a season in which he had started 78 NBA games.,Averaged 7.7 points in the 2016 playoffs after averaging only 4.2 during the regular season.,"Immediately afterward agreed to a 4-year, $48 million contract with New Orleans."
,James Ennis III,SF,BENCH,2,0.3,Averaged 17.0 points and 6.9 rebounds as a college senior.,Was selected only 50th overall in the NBA draft.,Attended two junior colleges before transferring to Long Beach State.,2014-2022,Won Big West Player of the Year as a senior.,Was drafted by Atlanta and traded to Miami before ever playing an NBA game.,Spent his first professional season in Australia and won the NBL championship with Perth before making his NBA debut.
,Alonzo Gee,SF,BENCH,2,0.3,Shot 77.8% from three across his first 11 NBA games.,Finished his NBA career at 32.5% from three.,Played college basketball at Alabama.,2010-2017,Won the 2009-10 D-League Rookie of the Year award.,Was waived four times by three different NBA teams before signing with Cleveland in December 2010.,"During the 2011 lockout, left to play professionally in Poland, then returned to Cleveland once NBA play resumed."
,Darius Miller,SF,BENCH,2,0.3,Shot 38.3% from three for his NBA career.,Missed the entire 2019-20 NBA season recovering from an Achilles injury.,Played four seasons at Kentucky.,"2012-2015, 2017-2019, 2020-2021",Was part of Kentucky's 2012 national championship team.,Left the NBA for Germany and won 3 consecutive German League championships with Brose Bamberg.,Returned to New Orleans after more than two years in Europe and immediately played all 82 games while shooting 41.1% from three.
,Adam Morrison,SF,BUST,1,0.15,Led Division I with 28.1 PPG in his final college season.,An ACL tear erased his entire second NBA season.,Has managed Type 1 diabetes since age 12.,"2006-2007, 2008-2010",Made the All-Rookie Second Team after averaging 11.8 PPG.,Won back-to-back NBA titles with the Lakers.,"Gonzaga star and NCAA March Madness 07 cover athlete, drafted 3rd."
,Michael Kidd-Gilchrist,SF,BUST,1,0.15,Led NBA small forwards with 7.6 rebounds per game in 2014-15.,Re-tore a repaired shoulder labrum after returning early.,Started for Kentucky's 2012 national championship team.,2012-2020,"As a rookie, ranked top-10 among rookies in five major stats.",Dropped 25 points and 12 rebounds in his fifth NBA game.,"Charlotte drafted him 2nd, immediately after teammate Anthony Davis."
,Darius Miles,SF,BUST,1,0.15,Once scored 47 points in an NBA game.,Microfracture surgery cost him two full seasons.,Entered the NBA directly from high school.,"2000-2006, 2008-2009",First prep-to-pro player to make an NBA All-Rookie team.,The Clippers drafted him 3rd overall in 2000.,Part of the cult-favorite Clippers core with Odom and Richardson.
,Josh Jackson,SF,BUST,1,0.15,"As a freshman, averaged 15/5/3 while shooting above 48%.",Shot 29.2% from three and 68.0% at the line.,"Set Kansas freshman records for double-doubles, field goals and rebounds.",2017-2022,Made the NBA All-Rookie team at 13.1 PPG.,"After 291 NBA games, his next stop was the G League.",Phoenix drafted him 4th overall after one Kansas season.
,Mario Hezonja,SF,BUST,1,0.15,Won Spanish Liga ACB MVP in 2025-26.,Averaged 6.9 points across his first 330 NBA games.,Began senior professional basketball with Barcelona as a teenager.,"2015-2020, 2026-present",Returned to the NBA in 2026 after six seasons overseas.,Blocked LeBron's potential game-winner to seal a one-point Knicks win.,"Dunked on a Giannis chasedown attempt, then stepped over him."
,Stanley Johnson,SF,BUST,1,0.15,Won four straight California high-school state championships.,Shot 39.1% from the field for his NBA career.,Won Pac-12 Freshman of the Year at Arizona.,2015-2023,Served as Detroit's sixth man on its first playoff team in seven years.,Detroit drafted him 8th overall in 2015.,"As a rookie guarding LeBron, declared: ""I'm definitely in his head."""
,Kevin Knox,SF,BUST,1,0.15,Scored 34 in Kentucky's comeback win at No. 7 West Virginia.,Shot 39.3% from the field for his NBA career.,Wore a Fortnite-lined suit jacket on NBA Draft night.,2018-2025,Led Kentucky in scoring and threes as an SEC co-Freshman.,Knicks fans booed his selection on draft night.,New York took him 9th with Michael Porter Jr. still available.
,Joe Alexander,SF,BUST,1,0.15,Posted a 38.5-inch max vertical and 24 bench reps at the combine.,A hamstring injury cost him his first 41 games of year two.,"Born in Taiwan, becoming the NBA's first Taiwanese-born player.",2008-2010,West Virginia's first first-round pick in 40 years.,Milwaukee drafted him 8th overall in 2008.,Finished with only 67 NBA games and zero starts.
,Rodney White,SF,BUST,1,0.15,Led all freshmen in scoring and won C-USA Freshman of the Year.,Played 16 rookie games while shooting 35.0%.,Played one college season at Charlotte.,2001-2005,Jerry West reportedly called him the 2001 draft's best player.,"Detroit took him 9th, one pick before Joe Johnson.",Joe Dumars later said his gut had favored Joe Johnson.
,Luke Jackson,SF,BUST,1,0.15,Only Oregon player with two career triple-doubles.,Played just 10 games as an NBA rookie.,Left-handed wing who stayed home to play for Oregon.,2004-2008,Cleveland drafted him 10th overall in 2004.,Drafted partly to give young LeBron another shooter.,Finished with 73 NBA games and only 3 starts.
,Shabazz Muhammad,SF,BUST,1,0.15,Averaged 13.5 PPG on 48.9% shooting in year two.,Averaged just 0.5 assists for his NBA career.,Shoots left-handed.,2013-2018,Entered UCLA as the No. 1 recruit in his class.,"Drafted 14th by Utah, then moved to Minnesota that night.",Dropped 35 off the bench against the 69-8 Warriors.
,Julian Wright,SF,BUST,1,0.15,Shot 49.9% from the field for his NBA career.,Shot 58.4% at the line and 26.2% from three.,Two-time All-Big 12 player at Kansas.,2007-2011,Scored exactly 20 points on March 7 in consecutive years.,New Orleans traded him straight-up for Marco Belinelli.,"Drafted 13th, but lasted only 231 NBA games."
,Austin Daye,SF,BUST,1,0.15,Shot 40.1% from three in his second NBA season.,Averaged 5.2 points for his NBA career.,Stood 6-foot-11 and is former NBA player Darren Daye's son.,2009-2015,Detroit drafted him 15th overall in 2009.,Moved with Tayshaun Prince in the Rudy Gay trade.,Won the 2014 title despite playing only five career playoff games.
,Sam Dekker,SF,BUST,1,0.15,Scored 30 with six threes in his first NBA start.,Shot 28.8% from three and 60.6% at the line.,Wisconsin native who played three seasons for the Badgers.,"2015-2019, 2021-2022",Houston drafted him 18th overall in 2015.,Won 2015 NCAA West Region Most Outstanding Player.,Helped Wisconsin end Kentucky's 38-0 season in the Final Four.
,Al Thornton,SF,BUST,1,0.15,Averaged 16.8 PPG in his second NBA season.,Shot 29.3% from three for his NBA career.,Cousin of former NBA guard Marcus Thornton.,2007-2011,ACC scoring leader and runner-up for conference Player of the Year.,Once scored 45 points for Florida State.,"All-Rookie First Team, then out of the NBA after 296 games."
,Tim Duncan,PF,HALL_OF_FAMER,5,0.05,Played all 82 games as a rookie.,Never won Defensive Player of the Year.,Promised his mother he would finish college.,1997-2016,A hurricane ended his Olympic-swimming path.,Won 2 MVPs.,Posted 21/20/10/8 in a Finals clincher.
,Kevin Garnett,PF,HALL_OF_FAMER,5,0.05,Played 21 NBA seasons.,His first 7 playoff trips ended in Round 1.,Entered the NBA directly from high school.,1995-2016,A pickup run with Scottie Pippen pushed him toward the draft.,Won MVP and 4 straight rebounding titles.,"Won the 2008 title and yelled ""Anything is possible!"""
,Dirk Nowitzki,PF,HALL_OF_FAMER,5,0.05,Won the 2006 Three-Point Contest.,Averaged only 8.2 PPG as a rookie.,Grew up playing handball and tennis.,1998-2019,Trained with saxophone music and unusual footwork drills.,Played 21 seasons with one franchise.,"First European MVP, then 2011 Finals MVP."
,Giannis Antetokounmpo,PF,HALL_OF_FAMER,5,0.05,Won Most Improved Player in 2017.,Averaged only 6.8 PPG as a rookie.,"Sold watches, sunglasses, CDs and DVDs as a kid.",2013-present,Grew 2.5 inches during his rookie year.,Won MVP and DPOY in the same season.,Scored 50 in a title-clinching Finals game.
,Charles Barkley,PF,HALL_OF_FAMER,5,0.05,Shot 59.4% from the field in 1989-90.,Was cut from the 1984 Olympic team.,Moses Malone told him to lose weight to become great.,1984-2000,"Listed at 6-foot-6, yet led the NBA in rebounding.",Won MVP in his first season after being traded.,Dropped 44 and 24 in Game 7 to reach the Finals.
,Karl Malone,PF,ALL_STAR,4,0.15,Played all 82 games nine times.,Shot 48.1% FT as a rookie.,Played three seasons at Louisiana Tech.,1985-2004,Drafted 13th overall in 1985.,Missed only 10 games in 18 Utah seasons.,Wrestled Dennis Rodman in WCW after the 1998 Finals.
,Anthony Davis,PF,ALL_STAR,4,0.15,Had 16 rebounds and 6 blocks in the NCAA title game.,Shot 1-for-10 in the 2012 NCAA title game.,Grew from 6'2 to 6'10 in high school.,2012-present,"Trademarked ""Fear the Brow.""",Won Olympic gold before his NBA debut.,Dropped 59 points and 20 rebounds in one game.
,Chris Webber,PF,ALL_STAR,4,0.15,Won Rookie of the Year.,Never reached the NBA Finals.,Once threatened not to report after being traded.,1993-2008,"No. 1 pick, traded for No. 3 and three future firsts.",Helped take the Fab Five to two Final Fours.,Called the infamous timeout Michigan didn't have.
,Pau Gasol,PF,ALL_STAR,4,0.15,Won Rookie of the Year.,Lost his first 12 playoff games.,Spent a year in medical school.,2001-2019,Speaks five languages and plays piano.,Traded for a package that included his younger brother.,Had 19 and 18 in Game 7 of the 2010 Finals.
,Chris Bosh,PF,ALL_STAR,4,0.15,Shot 47.8% from three in his lone college season.,Scored 0 points in a Finals Game 7 win.,Was heavily interested in computer science growing up.,2003-2016,Drafted 4th overall in 2003.,Won back-to-back titles after leaving his first team.,Grabbed the rebound that set up Ray Allen's Game 6 three.
,Amar'e Stoudemire,PF,ALL_STAR,4,0.15,Played all 82 games as a rookie.,Played only 3 games in 2005-06.,Didn't play organized basketball until age 14.,2002-2016,Attended six high schools in five years.,Won Rookie of the Year straight from high school.,Averaged 37.0 PPG in the 2005 West Finals.
,Blake Griffin,PF,ALL_STAR,4,0.15,Won four straight high-school state titles.,Missed his entire first NBA season before debuting.,Performed stand-up comedy during his career.,2010-2023,Played at Oklahoma alongside his older brother.,"No. 1 pick, then became unanimous Rookie of the Year.",Won the Dunk Contest by jumping over a car.
,LaMarcus Aldridge,PF,ALL_STAR,4,0.15,Scored 56 points in an NBA game.,Averaged just 9.0 PPG as a rookie.,Hosted Kevin Durant on his Texas recruiting visit.,2006-2022,Was the No. 2 pick in 2006.,"Retired midseason in 2021, then returned that fall.",Made 7 All-Star teams across Portland and San Antonio.
,Kevin Love,PF,ALL_STAR,4,0.15,Posted 31 points and 31 rebounds in one game.,Averaged only 8.5 PPG in the 2016 Finals.,His uncle is Beach Boys singer Mike Love.,2008-present,Scored an NBA-record 34 points in one first quarter.,Won a rebounding title and a Three-Point Contest.,Stayed with Curry for the final defensive stop of Game 7.
,Shawn Kemp,PF,ALL_STAR,4,0.15,Received Finals MVP votes while losing the 1996 Finals.,Averaged only 6.5 PPG as a rookie.,Entered the NBA without playing a college game.,1989-2003,Drafted 17th overall at age 19.,"Became half of Seattle's ""Reign Man & The Glove"" duo.",Threw down the famous 1992 playoff poster on Alton Lister.
,Draymond Green,PF,SOLID,3,0.35,Finished college as Michigan State’s career rebounding leader.,Fell to the 35th pick.,Played football and baseball growing up.,2012-present,Recorded a triple-double while scoring only 4 points.,Won DPOY and four titles with one franchise.,Was suspended for Game 5 of the 2016 Finals.
,Dennis Rodman,PF,SOLID,3,0.35,Scored a career-high 32 with no plays called for him.,Averaged only 7.3 PPG for his career.,Worked as an airport janitor after high school.,1986-2000,Led the NBA in rebounding seven straight seasons.,Won five titles and two DPOYs.,Left during the 1998 Finals for a wrestling match.
,Rasheed Wallace,PF,SOLID,3,0.35,Made four All-Star teams.,Never averaged 20 PPG in a season.,Played two college seasons at North Carolina.,"1995-2010, 2012-2013",Set an NBA record with 41 technicals in one season.,"Guaranteed a playoff Game 2 win, then delivered.","Played one Atlanta game, then joined Detroit and won the title."
,Zach Randolph,PF,SOLID,3,0.35,Won Most Improved Player in his third season.,Sat out his entire final NBA season.,Played college basketball at Michigan State.,2001-2018,Became the first Grizzly to have his number retired.,Scored 31 to eliminate the No. 1 Spurs as an 8-seed.,Became a face of Memphis’ “Grit and Grind” era.
,Paul Millsap,PF,SOLID,3,0.35,Led Division I in rebounding three straight seasons.,Fell to the 47th pick.,College teammates called him “Mr. Clean.”,2006-2022,Made four straight All-Star teams after leaving Utah.,"Recorded 1,000 blocks and 1,000 steals.",Scored 11 points in 28 seconds against Miami’s Big Three.
,David West,PF,SOLID,3,0.35,Won National Player of the Year at Xavier.,Missed 52 games in his second NBA season.,Spent offseasons training as a boxer.,2003-2018,Made back-to-back All-Star teams.,Walked away from about $12M to take the veteran minimum.,Finished his career with back-to-back Warriors titles.
,Carlos Boozer,PF,SOLID,3,0.35,Won the 2001 NCAA championship at Duke.,Fell to the 35th pick.,Born in Germany and raised in Alaska.,2002-2015,Became a two-time All-Star in Utah.,Rented his Beverly Hills house to Prince.,"Prince turned the fountain purple, then paid to restore everything."
,Antoine Walker,PF,SOLID,3,0.35,Made three All-Star teams.,Shot 32.5% from three for his career.,Celebrated big shots with a full-body shimmy.,1996-2008,Won the 2006 championship with Miami.,Spent his prime as Paul Pierce’s Boston co-star.,Explained all the threes: “because there were no fours.”
,Lamar Odom,PF,SOLID,3,0.35,Won Sixth Man while playing all 82 games.,Never made an NBA All-Star team.,Left-handed 6-foot-10 point-forward.,1999-2013,Hit a last-second three to win the A-10 title.,Won back-to-back championships with the Lakers.,Arrived in L.A. in the trade that sent Shaq to Miami.
,Al Horford,PF,SOLID,3,0.35,Won back-to-back NCAA championships.,Played 186 playoff games before winning a title.,Married a former Miss Universe.,2007-present,His father was the NBA’s first Dominican-born player.,Three Florida teammates went top-nine in the same draft.,Became the first Dominican-born NBA champion in Year 17.
,Serge Ibaka,PF,SOLID,3,0.35,Led the league in blocks in consecutive seasons.,Never made an NBA All-Star team.,Is the third-youngest of 18 children.,2009-2023,Speaks four languages and represented Spain internationally.,Seattle drafted him in its final season before relocating.,Won the 2019 championship with Toronto.
,Derrick Coleman,PF,SOLID,3,0.35,Averaged 18.4 and 10.3 as a rookie.,Made only one All-Star team.,Left-handed big who played at Syracuse.,1990-2005,Went No. 1 overall in 1990.,Became an All-Star starter alongside Kenny Anderson.,"Hated the Nets’ tie-dye, then jumped from his car to autograph one."
,Larry Johnson,PF,SOLID,3,0.35,Won Rookie of the Year.,Back problems ended his career early.,Won an NCAA championship at UNLV.,1991-2001,Converse turned him into “Grandmama” in commercials.,Played himself in Space Jam.,Hit the famous four-point play in the 1999 East Finals.
,Antonio McDyess,PF,SOLID,3,0.35,"Once posted 46 points, 19 rebounds and 4 blocks.",Missed an entire season after major knee problems.,Entered the league with a 42-inch vertical.,1995-2011,Went No. 2 overall in 1995.,Reinvented himself as a key Pistons bench piece.,Three Suns teammates flew to Denver trying to keep him.
,Jermaine O’Neal,PF,SOLID,3,0.35,Scored 55 in 36 minutes without making a three.,Spent four seasons buried on Portland’s bench.,Entered the NBA directly from high school.,1996-2014,Became the NBA’s youngest player ever at the time.,Finished third in 2004 MVP voting.,"Donated $55,000 after his 55-point game."
,Josh Smith,PF,SOLID,3,0.35,"Became the youngest player ever to reach 1,000 blocks.",Shot 28.5% from three for his career.,Entered the NBA directly from high school.,2004-2016,Won the 2005 Slam Dunk Contest.,Detroit waived him; Houston signed him four days later.,Helped fuel Houston’s infamous 2015 Game 6 comeback.
,Thaddeus Young,PF,SOLID,3,0.35,Recorded 8 steals in an NBA game.,Never made an All-Star team in 17 seasons.,Left-handed forward who played one Georgia Tech season.,2007-2024,Was traded straight-up for Kevin Garnett in 2015.,"Played more than 1,100 NBA games.",Earned the nickname “Thagic Johnson.”
,Aaron Gordon,PF,SOLID,3,0.35,Started every playoff game on a championship team.,Never made an NBA All-Star team.,Played one college season at Arizona.,2014-present,Finished second in the legendary 2016 Dunk Contest.,Got six straight perfect 50s in 2020 and lost again.,Won a title after Orlando traded him to Denver.
,Boris Diaw,PF,SOLID,3,0.35,Won Most Improved Player after being traded.,Was waived by Charlotte midway through 2012.,Kept an espresso machine in his locker and on road trips.,2003-2017,Recorded seven career triple-doubles before joining San Antonio.,Played youth basketball in France with Tony Parker.,Became a champion with Parker in San Antonio.
,P.J. Tucker,PF,SOLID,3,0.35,Won Big 12 Player of the Year.,Played only 17 NBA games before five years overseas.,His actual first name is Anthony.,"2006-2007, 2012-2025",Won league MVP in Israel and Finals MVP in Germany.,Returned to the NBA through Phoenix Summer League.,"Played 36 minutes, scored 0, and was +13 in a title clincher."
,Taj Gibson,PF,BENCH,2,0.3,Made All-Rookie First Team as the 26th pick.,Never averaged 10 PPG in eight Bulls seasons.,Worked carpentry and furniture-moving jobs at 14.,2009-2026,Entered USC as a 21-year-old freshman.,"Played over 1,000 NBA games.",Chicago drafted him in 2009; he stayed eight seasons.
,Udonis Haslem,PF,BENCH,2,0.3,Made All-Rookie Second Team after going undrafted.,Had to start his pro career in France.,Dropped about 70 pounds before making the NBA.,2003-2023,Played 20 seasons without changing franchises.,Became his franchise’s all-time leading rebounder.,Won all three Miami titles as a hometown lifer.
,Brandon Bass,PF,BENCH,2,0.3,Won SEC Player of the Year as a sophomore.,Averaged just 0.8 assists for his NBA career.,Left college after only two seasons.,2005-2017,Fell to the 33rd pick despite his SEC award.,Scored 18 points in one playoff third quarter.,Scored 27 points in a 2012 playoff Game 5 for Boston.
,Amir Johnson,PF,BENCH,2,0.3,Career 57% FG percentage.,Fell all the way to the 56th pick.,Was the last high-school senior drafted before the age rule.,2005-2019,His first NBA basket was a windmill dunk.,Spent six seasons becoming a Toronto fan favorite.,"Detroit drafted him at 18 years, 58 days old."
,Jason Maxiell,PF,BENCH,2,0.3,Played 129 consecutive college games.,Averaged only 6.1 PPG through eight Detroit seasons.,Stood just 6-foot-7 as a power forward/center.,2005-2015,Blocked 91 shots in his final college season.,Detroit drafted him 26th overall in 2005.,His first eight NBA seasons were all with the Pistons.
,Carl Landry,PF,BENCH,2,0.3,2008 All-Rookie,Fell into the second round of the draft.,Played college basketball at Purdue.,2007-2016,A bizarre Dirk collision inspired a Twitter account for his teeth.,Scored 13 fourth-quarter points in an early rookie breakout.,Became a key bench scorer for the late-2000s Rockets.
,Glen Davis,PF,BENCH,2,0.3,Helped take LSU to the 2006 Final Four.,Never averaged 16 PPG in an NBA season.,Got “Big Baby” from playing older kids in football.,2007-2015,Once wrestled Shaq on LSU’s campus as a teenager.,Nearly landed a role in The Blind Side.,Won the 2008 title as a Celtics rookie.
,Patrick Patterson,PF,BENCH,2,0.3,Was one of five Kentucky first-rounders in 2010.,Never averaged 12 PPG in an NBA season.,Interned in Hollywood movie production during an offseason.,2010-2021,Sought a Hollywood internship to connect with Marvel.,Became a hugely valuable Toronto bench plus-minus player.,Houston drafted him 14th overall in 2010.
,Ed Davis,PF,BENCH,2,0.3,Won an NCAA championship as a freshman.,Never made a three-pointer in his NBA career.,His father played 10 NBA seasons.,2010-2022,Toronto drafted him 13th while Chris Bosh was leaving.,Reggie Evans became his tough veteran mentor.,Told reporters his favorite player was Chris Bosh.
,Trevor Booker,PF,BENCH,2,0.3,Became a dependable rebounder despite standing only 6-foot-8.,Never made an NBA All-Star team.,His younger brother is also named Devin Booker.,2010-2018,"Hit a ridiculous no-look, over-the-head tap shot.","Was traded for Okafor, Stauskas and a second-rounder.",Washington originally acquired him as the 23rd pick.
,Darrell Arthur,PF,BENCH,2,0.3,Posted 20 and 10 in an NCAA title game.,Knee trouble limited one season to 41 games.,His draft rights moved through four teams in one night.,2008-2018,Shot 45.3% from three in an injury-shortened season.,Won the 2008 national championship with Kansas.,Memphis finally acquired him after the draft-night chaos.
,Anthony Tolliver,PF,BENCH,2,0.3,Once went 11-for-11 in a college game.,Went undrafted and started in the D-League.,Graduated as a finance major with a 3.53 GPA.,2008-2021,Played for 10 different NBA teams.,His childhood nickname was “A Train.”,Scored 34 in Don Nelson’s record-setting win.
,JaMychal Green,PF,BENCH,2,0.3,Averaged 23.0 and 10.7 in the D-League.,Went undrafted out of Alabama.,Spent a professional season in France.,2014-2023,Became a full-time Memphis starter in year three.,Led Memphis with 49 dunks in 2016-17.,Went from Spurs D-League project to Grizzlies starter.
,Mike Scott,PF,BENCH,2,0.3,Lasted 10 NBA seasons as a second-round pick.,Never averaged double-digit scoring for a season.,Covered his arms with emoji tattoos.,2012-2021,Atlanta built an emoji campaign around him.,Was drafted 43rd overall in 2012.,Became a cult-favorite reserve during Atlanta’s 60-win era.
,Dante Cunningham,PF,BENCH,2,0.3,Led a Final Four team in scoring and rebounding.,Fell to the 33rd pick.,Does his own car repairs and oil changes.,2009-2019,Wore No. 44 to honor his pro-basketball-playing sister.,One of his favorite movies is The Little Mermaid.,Played 715 NBA games across 10 seasons.
,Chuck Hayes,PF,BENCH,2,0.3,Finished 12th in DPOY voting one season.,Averaged only 3.7 PPG for his career.,"Went undrafted, then began in the D-League.",2005-2015,Helped fill center minutes during Houston’s 22-game streak.,Houston once openly campaigned for him as All-Defense.,Nicknames included “Chuckwagon” and “The Cooler.”
,Kris Humphries,PF,BENCH,2,0.3,Averaged a double-double in consecutive NBA seasons.,Never made an NBA All-Star team.,Was an elite competitive swimmer as a child.,2004-2017,Posted faster age-group times than Phelps and Lochte.,Held multiple national youth swimming records.,Gave up elite swimming because he preferred basketball.
,Tyler Hansbrough,PF,BENCH,2,0.3,Finished as UNC and the ACC’s career scoring leader.,Averaged only 6.7 PPG in the NBA.,Had nightmares about snakes in college.,2009-2016,“Psycho T” came from his weight-room intensity.,Won National Player of the Year in 2008.,Won the 2009 NCAA title after returning for senior year.
,Reggie Evans,PF,BENCH,2,0.3,Led the nation in double-doubles at Iowa.,Twice averaged 10+ rebounds but under 5 points.,Was unrecruited and started at junior college.,2002-2015,"Cried after going undrafted, then returned to the gym.",A coach told him to model himself after Dennis Rodman.,Built a 13-year NBA career almost entirely on rebounding.
,Ersan İlyasova,PF,BENCH,2,0.3,Shot 45.5% from three in his best shooting season.,Once went six straight games without making a three.,Played all 82 games for the first time in year nine.,"2006-2007, 2009-2021",Led the NBA with 36 charges drawn.,Drew more offensive fouls than anyone over a decade.,"Dropped 29/25, joining Kareem in Bucks 25/25 history."
,Anthony Bennett,PF,BUST,1,0.15,Recorded 12 double-doubles in his lone college season.,Averaged 4.2 PPG as a rookie without starting once.,Transferred to Findlay Prep before college.,2013-2017,Won Mountain West Freshman of the Year at UNLV.,Became the first Canadian drafted No. 1 overall.,Cleveland traded him after one season in the Kevin Love deal.
,Derrick Williams,PF,BUST,1,0.15,Shot 56.8% from three as a college sophomore.,Never made an NBA All-Star team.,His college team practiced at his old high school during March Madness.,2011-2018,Won Pac-10 Player of the Year after previously winning Freshman of the Year.,Dropped 32 and 13 to eliminate defending-champion Duke.,"Minnesota drafted him No. 2, one pick after Kyrie Irving."
,Thomas Robinson,PF,BUST,1,0.15,Posted 30 points and 21 rebounds in one college game.,Never averaged double-digit scoring in an NBA season.,Played three college seasons at Kansas.,2012-2017,Led the nation with 27 double-doubles as a junior.,Became Big 12 Player of the Year and the No. 5 pick.,Sacramento traded him four months into his rookie season.
,Tyrus Thomas,PF,BUST,1,0.15,Once blocked 9 shots in an NBA game.,Never developed into a consistent NBA scorer.,His favorite player growing up was Tracy McGrady.,2006-2015,Won NCAA Atlanta Regional MVP as a freshman.,Portland selected him 4th overall in 2006.,His draft rights were traded for LaMarcus Aldridge.
,Stromile Swift,PF,BUST,1,0.15,Once blocked 8 shots in an NBA game.,Averaged only 8.4 PPG across nine NBA seasons.,Played two college seasons at LSU.,2000-2009,Won SEC Co-Player of the Year before reaching the Sweet 16.,Vancouver drafted him 2nd overall in 2000.,Kenyon Martin was the only player selected before him.
,Michael Beasley,PF,BUST,1,0.15,Led Division I with 28 double-doubles as a freshman.,Never made an NBA All-Star team.,Attended six different high schools.,2008-2019,Averaged 26.2 points and 12.4 rebounds in one college season.,Went No. 2 overall in the 2008 draft.,Derrick Rose was the only player drafted ahead of him.
,Jan Veselý,PF,BUST,1,0.15,Won EuroLeague MVP years after leaving the NBA.,Shot 40.8% from the line for his NBA career.,Played professionally in Slovenia and Serbia before coming over.,2011-2014,Washington drafted him 6th overall in 2011.,His NBA career lasted only three seasons.,His draft-night kiss became a memorable 2011 draft moment.
,Noah Vonleh,PF,BUST,1,0.15,Shot 48.5% from three in his lone college season.,Scored only 83 points during his rookie season.,Measured a nearly 12-inch hand width at the combine.,2014-2023,Won Big Ten Freshman of the Year.,Charlotte drafted him 9th overall in 2014.,Charlotte traded him after one season in the Nicolas Batum deal.
,Marvin Bagley III,PF,BUST,1,0.15,Posted 20/10 in each of his first three NBA starts.,Has already played for six franchises.,Played only one college season.,2018-present,"Led the ACC in scoring, rebounding and FG% as a freshman.","Won ACC Player and Rookie of the Year, then went No. 2.",Sacramento selected him one pick before Luka Dončić.
,Jabari Parker,PF,BUST,1,0.15,Led his high school to four straight state titles.,Missed 145 regular-season games during four Milwaukee seasons.,Became the first freshman to play varsity at Simeon.,2014-2022,Set or tied numerous Duke freshman records in one season.,Milwaukee drafted him 2nd overall in 2014.,"Famously said, “They don't pay players to play defense.”"
,Yi Jianlian,PF,BUST,1,0.15,"Became the first CBA player with 10,000 points and 5,000 rebounds.",Averaged only 7.9 PPG across five NBA seasons.,Was nicknamed “The Chairman.”,2007-2012,Played alongside Yao Ming for China.,Milwaukee drafted him 6th overall in 2007.,He admitted the pick surprised him because Milwaukee never worked him out.
,Shelden Williams,PF,BUST,1,0.15,"Became the first NCAA player with 1,750 points, 1,250 rebounds, 400 blocks and 150 steals.",His NBA career lasted only six seasons.,Played all four college seasons at Duke.,2006-2012,Won National Defensive Player of the Year twice.,Atlanta drafted him 5th overall in 2006.,Duke retired his No. 23 less than a year after he left.
,Marcus Fizer,PF,BUST,1,0.15,Scored a Big 12 Tournament-record 38 points in one game.,His NBA career high was only 30 points.,Arrived at Iowa State as a McDonald's All-American from Louisiana.,2000-2006,Became a consensus All-American and Big 12 Player of the Year.,Chicago drafted him 4th overall in 2000.,He went two picks after Stromile Swift and one pick before Rookie of the Year Mike Miller.
,Robert Traylor,PF,BUST,1,0.15,Posted 24 and 13 to win the inaugural Big Ten Tournament.,Never became a full-time NBA starter.,Initially hated the nickname “Tractor.”,1998-2005,Once shattered a backboard during a Michigan game.,Dallas drafted him 6th overall in 1998.,His draft-night trade helped Dallas land Dirk Nowitzki and Steve Nash.
,Earl Clark,PF,BUST,1,0.15,Recorded 17 double-doubles in his final college season.,Averaged only 4.4 PPG for his NBA career.,Missed a pre-draft workout because his daughter was being born.,2009-2015,Led Louisville in both scoring and rebounding on a Big East champion.,Phoenix drafted him 14th overall in 2009.,"His best NBA stretch included a 22-point, 13-rebound Lakers game."
,Kareem Abdul-Jabbar,C,HALL_OF_FAMER,5,0.05,Played all 82 games in each of his first two seasons.,Missed 20 games after breaking his hand in a fight.,"Practiced yoga, martial arts and meditation to extend his career.",1969-1989,Appeared opposite Bruce Lee in Game of Death.,Won a record six MVP awards.,Passed Wilt with a skyhook to become the career scoring leader.
,Shaquille O'Neal,C,HALL_OF_FAMER,5,0.05,Recorded 10 assists in an NBA game.,Made exactly one three-pointer in 19 NBA seasons.,Lived on a German army base when LSU’s coach met him at 13.,1992-2011,Released an RIAA platinum rap album during his NBA career.,Dropped 61 points and 23 rebounds on his birthday.,Won three straight Finals MVPs during the Lakers three-peat.
,Hakeem Olajuwon,C,HALL_OF_FAMER,5,0.05,"Led the NCAA in rebounds, blocks and FG% in one season.",Reached multiple Final Fours without winning an NCAA title.,Began as a soccer goalkeeper and handball player.,1984-2002,Recorded 18/16/10/11 in a quadruple-double.,"First player to win MVP, DPOY and Finals MVP together.",His Dream Shake helped a sixth seed repeat as champion.
,Wilt Chamberlain,C,HALL_OF_FAMER,5,0.05,Scored 52 points in his first varsity college game.,Shot barely above 50% from the line for his career.,Spent a season playing for the Harlem Globetrotters.,1959-1973,"Never fouled out in 1,045 NBA games.",Once led the entire NBA in total assists.,Scored 100 in one game and averaged 50.4 for a season.
,Bill Russell,C,HALL_OF_FAMER,5,0.05,Was ranked the seventh-best high jumper in the world in 1956.,Never averaged 19 PPG in an NBA season.,Received only one college scholarship offer.,1956-1969,Won Olympic gold before making his NBA debut.,Became the first Black head coach in major U.S. pro sports.,Won 11 championships in 13 NBA seasons.
,Nikola Jokić,C,ALL_STAR,4,0.15,Finished third in Rookie of the Year voting.,Couldn't do a single push-up in high school.,Drank around three liters of Coke before practices.,2015-present,Finished second for Most Improved Player the very next season.,The 41st pick became the lowest-drafted NBA MVP.,First player with 30/20/10 in an NBA Finals game.
,David Robinson,C,ALL_STAR,4,0.15,Led Division I in rebounding as a college junior.,Played only six games in one NBA season.,Had only one year of varsity basketball experience before college.,1989-2003,Recorded a 34/10/10/10 quadruple-double.,Scored 71 on the final day to beat Shaq for the scoring title.,Won a championship in his final NBA season beside Tim Duncan.
,Patrick Ewing,C,ALL_STAR,4,0.15,Won Rookie of the Year while playing only 50 games.,Missed the 1999 Finals after an Achilles injury.,Grew up playing cricket and soccer before basketball.,1985-2002,Stayed four college years and earned a Fine Arts degree.,Became the No. 1 pick in the first-ever NBA Draft Lottery.,"Retired as Knicks leader in points, rebounds, blocks and steals."
,Moses Malone,C,ALL_STAR,4,0.15,Played 83 games as a professional rookie.,Changed teams twice before his third NBA game.,Entered pro basketball around 6'10 and only 215 pounds.,1976-1995,Skipped college and went straight from high school to the ABA.,Predicted “Fo' Fo' Fo'” before the 1983 playoffs.,Won MVP and Finals MVP as Philadelphia went 12-1.
,Dwight Howard,C,ALL_STAR,4,0.15,"Posted a 20-point, 20-rebound game as a teenager.",Shot 56.7% from the line for his career.,Entered the NBA directly from high school.,2004-2022,Won the Dunk Contest wearing a Superman cape.,Won three straight Defensive Player of the Year awards.,Set a Finals record with nine blocks in one game.
,Joel Embiid,C,ALL_STAR,4,0.15,Set Kansas freshman records for blocks and field-goal percentage.,Missed his first two NBA seasons entirely.,Didn't start playing basketball until age 16.,2016-present,Luc Mbah a Moute discovered him at a Cameroon camp.,"Became “The Process,” then eventually won MVP.",Scored 70 to break Wilt's 76ers franchise record.
,Yao Ming,C,ALL_STAR,4,0.15,Played all 82 games as an NBA rookie.,Scored 0 points in his NBA debut.,Both of his parents played professional basketball.,2002-2011,Became the first international player selected No. 1 overall.,Blocked Shaq's first three shots in their first meeting.,Barkley kissed a donkey after losing a bet about him.
,Dikembe Mutombo,C,ALL_STAR,4,0.15,Won the NBA's citizenship award twice.,Averaged under 10 PPG across an 18-year career.,Is fluent in nine languages.,1991-2009,Arrived at Georgetown on an academic scholarship intending pre-med.,"Led the first 8-seed to beat a 1-seed, with 31 series blocks.",Won four DPOYs and made the finger wag his trademark.
,Alonzo Mourning,C,ALL_STAR,4,0.15,First high schooler invited to try out for the U.S. Olympic team.,Played only 13 games in the 2000-01 season.,Was already six feet tall at age 11.,1992-2008,Returned to the NBA after receiving a kidney transplant.,Won back-to-back DPOYs and became Miami's blocks leader.,Came off the bench to help Miami win the 2006 title.
,Ben Wallace,C,ALL_STAR,4,0.15,Played 500+ NBA games after going undrafted.,Averaged only 5.7 PPG for his career.,Was the 10th of 11 siblings and youngest of eight boys.,1996-2012,Boston Summer League tried converting him into a shooting guard.,Detroit acquired him in the Grant Hill sign-and-trade.,Became the first modern undrafted Hall of Famer after winning four DPOYs.
,Marc Gasol,C,SOLID,3,0.35,Played all 82 games as a rookie.,Fell to the 48th pick.,Played two years of high-school basketball in Memphis.,2008-2021,His draft rights were traded for his older brother.,Won DPOY but somehow made only All-Defensive Second Team.,Won an NBA title and FIBA World Cup in the same year.
,Joakim Noah,C,SOLID,3,0.35,Had a 14-assist triple-double from the center spot.,Shot with a famously sideways-spinning release.,Woke up at 4 a.m. in France to watch the Knicks in the Finals.,2007-2020,One parent won a tennis Grand Slam; the other was a beauty queen.,Won back-to-back NCAA championships.,Won DPOY and made All-NBA First Team in 2014.
,Tyson Chandler,C,SOLID,3,0.35,"Played 1,160 NBA games.",Averaged only 8.2 PPG for his career.,Grew up milking cows and slopping pigs on a family farm.,2001-2020,Jumped directly from high school to the No. 2 pick.,Won DPOY the season after winning a championship.,"Started for the 2011 champs, then won Olympic gold a year later."
,Brook Lopez,C,SOLID,3,0.35,Recorded a college triple-double with 12 blocks.,Played only five games in one NBA season.,Majored in creative writing and writes his own comics.,2008-present,Studied a textbook because he wanted to build a roller coaster.,Became his franchise's scoring leader in his final game there.,His twin brother also became a longtime NBA center.
,DeAndre Jordan,C,SOLID,3,0.35,Led the NBA in rebounding twice.,Shot 47.5% from the line for his career.,Got early access to an unreleased Call of Duty as an avid gamer.,2008-present,Fell to the 35th pick after one college season.,His Brandon Knight alley-oop trended worldwide for nearly a day.,Made All-NBA First Team and won Olympic gold in 2016.
,Andrew Bogut,C,SOLID,3,0.35,Averaged 26.3 points and 17 rebounds at a U19 World Championship.,Never made an NBA All-Star team.,His childhood basketball idol was Dražen Petrović.,2005-2019,Won both the Naismith and Wooden awards at Utah.,Became the first Australian selected No. 1 overall.,Reinvented himself as the starting center on the 2015 Warriors champions.
,Steven Adams,C,SOLID,3,0.35,Led the NBA in offensive rebounding in consecutive seasons.,Never made an NBA All-Star team.,"His favorite movie is Nacho Libre, and he plays guitar.",2013-present,Is one of 18 siblings; six played basketball for New Zealand.,His half-sister won two Olympic shot-put gold medals.,OKC drafted him with a first-rounder acquired in the James Harden trade.
,Jonas Valančiūnas,C,SOLID,3,0.35,Posted a double-double in his first NBA game.,Attempted only four threes across his first five seasons.,Stayed overseas for a year after being drafted.,2012-present,"Went fifth overall, then 17 days later won U19 World Cup MVP.","Became only the second Lithuanian-born player with 10,000 NBA points.",Toronto eventually included him in the Marc Gasol trade.
,Arvydas Sabonis,C,SOLID,3,0.35,Averaged 16 and 10 in an NBA season at age 33.,Played only eight NBA seasons.,Spent most of his prime playing professionally outside the NBA.,1995-2003,Made an NBA All-Rookie team at age 31.,"Won Olympic gold for the USSR, then bronze for Lithuania.",His son became NBA All-Star Domantas Sabonis.
,Vlade Divac,C,SOLID,3,0.35,"Played more than 1,100 NBA games.",Never won an NBA championship.,Arrived in the NBA barely able to speak English.,1989-2005,Magic Johnson took him under his wing in Los Angeles.,Became famous for brilliant passing — and for selling contact.,The Lakers traded him for the draft rights to Kobe Bryant.
,Zydrunas Ilgauskas,C,SOLID,3,0.35,Played all 82 games in his first season on an NBA court.,Missed his original rookie season entirely.,Joked that his hometown produced seven-footers because of a nuclear plant.,1997-2011,Won MVP of the NBA's Rookie Challenge.,Became a two-time All-Star and had No. 11 retired.,"Finished Cleveland's run as its leader in games, rebounds and blocks."
,Brad Miller,C,SOLID,3,0.35,Lasted 15 NBA seasons after going undrafted.,Averaged only 11.2 PPG for his career.,Began his pro career in Italy during the NBA lockout.,1999-2012,Made Team USA partly because a seven-footer could pass and shoot threes.,Eventually became a two-time NBA All-Star.,Was the center involved in Shaq's infamous 2002 swing and suspension.
,Mehmet Okur,C,SOLID,3,0.35,Scored 43 points in an NBA game.,Fell to the 38th pick.,A 6'11 center commonly known simply as “Memo.”,2002-2012,Earned “Money Man” for repeatedly hitting late-game jumpers.,Won an NBA championship in only his second season.,Became the first Turkish NBA All-Star.
,Marcus Camby,C,SOLID,3,0.35,Led the NBA in blocks four different times.,Never made an NBA All-Star team.,Played three college seasons at UMass.,1996-2013,Won National Player of the Year while leading a 35-2 Final Four team.,Went No. 2 overall in the loaded 1996 draft.,Won DPOY and also reached the Finals with the 1999 eighth-seeded Knicks.
,Al Jefferson,C,SOLID,3,0.35,Averaged 42.6 points and 18 rebounds as a high-school senior.,Never made an NBA All-Star team.,"Committed to Arkansas, then skipped college entirely.",2004-2018,Boston drafted him 15th directly from high school.,Became the centerpiece Minnesota received for Kevin Garnett.,Made All-NBA Third Team in Charlotte without ever being an All-Star.
,Roy Hibbert,C,SOLID,3,0.35,Made two NBA All-Star teams.,Had a playoff game with 0 points and 0 rebounds.,Appeared as himself on Parks and Recreation.,2008-2017,Arrived at Georgetown as a raw project and stayed all four years.,Bought 55 season tickets every year for his “Area 55” fan section.,Became the giant defensive anchor of Indiana's battles with the Heat.
,Nenê,C,SOLID,3,0.35,Shot 61.5% from the field over a full NBA season.,Never made an NBA All-Star team.,“Nenê” means “Baby” in Portuguese.,2002-2019,"Drafted seventh by New York, then traded to Denver that same night.",Returned from cancer treatment and posted career-best numbers the next season.,His original full name was Maybyner Rodney Hilário.
,Marcin Gortat,C,SOLID,3,0.35,Appeared in all 24 playoff games during a Finals run.,Started only five of his first 175 NBA games.,Didn't start basketball until 18; he had been a soccer goalkeeper.,2008-2019,His father won two Olympic boxing medals; his mother played national-team volleyball.,Became known as the “Polish Hammer.”,"Spent years backing up Dwight Howard, then broke out running with Steve Nash."
,Andre Drummond,C,SOLID,3,0.35,Had 45 career 20/20 games by age 30.,Averaged only 10.0 PPG in his lone college season.,Loved math and computers and released several rap tracks.,2012-present,Detroit drafted him ninth overall after one UConn season.,Led the NBA in rebounding four times.,Set the NBA record by missing 23 free throws in one game.
,Nikola Vučević,C,SOLID,3,0.35,Grabbed 29 rebounds in one NBA game.,Averaged just 2.6 PPG as a college freshman.,Loves house/techno music and has talked about broadcasting after basketball.,2011-present,"Born in Switzerland, raised in Belgium, then moved to Montenegro.",His father played professionally for 24 years; his mother also played professionally.,Orlando specifically targeted him in the Dwight Howard mega-trade.
,JaVale McGee,C,BENCH,2,0.3,Ranked 14th nationally with 2.79 blocks per game in college.,Shot 60.4% from the line for his NBA career.,Went 18th overall after only two college seasons.,2008-2024,Finished college with 122 blocks in only two seasons.,Dunked three basketballs on one jump for a Guinness record.,Became half of the first mother-son Olympic basketball gold duo.
,Kendrick Perkins,C,BENCH,2,0.3,Shot 53.0% from the field for his NBA career.,Averaged only 5.4 PPG for his career.,Entered the NBA directly from high school.,"2003-2016, 2018",Was nicknamed “Baby Shaq” in high school.,Committed to John Calipari at Memphis before choosing the NBA.,"Memphis drafted him, then immediately traded his rights to Boston."
,Zaza Pachulia,C,BENCH,2,0.3,"Played 1,098 NBA games.",Averaged only 6.8 PPG across 16 seasons.,Went 42nd overall in the 2003 draft.,2003-2019,Began playing professionally in Turkey as a teenager.,Founded a basketball academy in his hometown.,Was born Zaur before legally changing his first name.
,Chris Andersen,C,BENCH,2,0.3,Finished second in the NBA in blocks in one season.,Averaged only 5.4 PPG across 15 NBA seasons.,Played just one season of junior-college basketball.,"2001-2006, 2008-2017",Was the first overall pick in the D-League draft.,Became the D-League's first-ever NBA call-up.,Got his famous nickname from teammates during 2002 summer league.
,Robin Lopez,C,BENCH,2,0.3,Played 992 NBA games.,Averaged only 4.7 rebounds per game as a center.,Played college basketball alongside his twin brother.,2008-2024,His mother was a world-ranked swimmer.,Writes comics and once attended Comic-Con in costume.,Wouldn't live with his twin because their cats hated each other.
,Mason Plumlee,C,BENCH,2,0.3,Shot 59.6% from the field for his NBA career.,Shot just 57.7% from the free-throw line.,Went 22nd overall after four college seasons.,2013-present,Was a two-time First-Team Academic All-American.,Three brothers from his family shared one Division I roster.,Blocked LeBron at the rim to complete a 4-0 season sweep.
,Bismack Biyombo,C,BENCH,2,0.3,Averaged 1.3 blocks in under 20 minutes per game.,Shot 55.2% from the line for his career.,Didn't start playing basketball until age 13.,2011-present,"Measured a 7'7"" wingspan while under 6'8"" barefoot.",Pledged an entire season's salary to build a hospital.,Posted the first triple-double in Nike Hoop Summit history.
,Nerlens Noel,C,BENCH,2,0.3,Averaged 1.8 steals and 1.9 blocks as a rookie.,Missed his entire first NBA season.,Reclassified from the high-school class of 2013 to 2012.,2014-2023,"Was the No. 1 recruit in his class, then went sixth.",Revealed his college choice shaved into his flat-top.,Set a school record with 12 blocks in one game.
,Tiago Splitter,C,BENCH,2,0.3,Shot 55.5% from the field for his NBA career.,Played only 355 NBA regular-season games.,Was drafted in 2007 but debuted in the NBA in 2010.,2010-2017,Left Brazil for Spain alone at age 15.,Obtained Spanish citizenship to count as a domestic player.,Became the first Brazilian-born NBA champion.
,Aron Baynes,C,BENCH,2,0.3,Shot 79.4% from the free-throw line for his NBA career.,Averaged only 6.0 PPG for his career.,Was born in New Zealand and raised in Australia.,2013-2021,Played rugby league before starting basketball at 15.,Won a Lithuanian league Slam Dunk Contest.,"Once posted 37 points, 16 rebounds and nine threes."
,Nazr Mohammed,C,BENCH,2,0.3,"Played 1,005 NBA games across 18 seasons.",Averaged only 5.8 PPG for his career.,Arrived at college weighing roughly 315 pounds.,1999-2016,Won two NCAA championships in three college seasons.,"Utah drafted him, then immediately traded his rights.",Earned his degree 22 years after leaving for the NBA.
,Rasho Nesterović,C,BENCH,2,0.3,Led EuroBasket in rebounding at 8.6 per game.,Shot 58.5% from the line for his NBA career.,Obtained citizenship in a second European country.,1999-2010,Played under the legal name Radoslav “Rasho” Makris.,His first NBA three was a pump-fake buzzer-beater.,Toronto fans nicknamed him “Nestea.”
,Joel Przybilla,C,BENCH,2,0.3,Averaged 6.2 rebounds and 1.4 blocks for his career.,Averaged only 3.9 PPG for his career.,Went ninth overall in the 2000 draft.,2000-2012,Left college after being suspended for repeatedly skipping classes.,Once grabbed 26 rebounds in an NBA game.,"Was nicknamed “Vanilla Gorilla,” “Ghostface,” and “The Thrilla.”"
,Kosta Koufos,C,BENCH,2,0.3,Shot 53.4% from the field for his NBA career.,Shot 58.2% from the free-throw line.,Was born in Ohio but represented Greece internationally.,2008-2019,Was traded with two first-rounders for a 20-point scorer.,Won NIT MVP as a college freshman.,"Led a U18 EuroBasket in points, rebounds and blocks."
,Ian Mahinmi,C,BENCH,2,0.3,Shot 53.3% from the field for his NBA career.,Averaged only 5.2 PPG for his career.,Was born in France to Beninese and Jamaican parents.,2007-2020,Preferred soccer as a kid before switching to basketball.,Went first round at 18 after averaging about six points.,Hit a buzzer-beater in the title-clinching 2011 Finals game.
,Marreese Speights,C,BENCH,2,0.3,Shot 79.7% from the free-throw line for his NBA career.,Started fewer than 80 games across a 10-year career.,Spent his final prep season at a military academy.,2008-2018,His instant scoring earned him the nickname “Mo' Buckets.”,"Made 43 threes in eight seasons, then 103 in one.",Scored 22 points in 18 minutes in a 2016 playoff game.
,Cody Zeller,C,BENCH,2,0.3,Posted a 35.5-inch max vertical at the NBA combine.,His measured wingspan was shorter than his height.,Both of his older brothers also reached the NBA.,2013-2024,Earned First-Team Academic All-America honors in college.,Was the third brother in his family to win Indiana Mr. Basketball.,His NBA nickname was simply “The Big Handsome.”
,Dewayne Dedmon,C,BENCH,2,0.3,Shot 52.6% from the field for his NBA career.,Averaged 1.4 points as a high-school senior.,Began college at a community college before reaching USC.,2013-2023,Played for three NBA teams during his rookie season.,Didn't begin organized basketball until age 18.,His “Mechanic” nickname matched his real garage-work background.
,Ömer Aşık,C,BENCH,2,0.3,Averaged 11.7 rebounds in his only full season as a starter.,Shot 55.1% from the free-throw line for his career.,Played five pro seasons in Turkey before reaching the NBA.,2010-2018,"Portland drafted him, then immediately traded his rights to Chicago.",A broadcaster nicknamed him “Aşık and Destroy.”,"Went from backup, to double-double starter, back to backup."
,Anderson Varejão,C,BENCH,2,0.3,Made an NBA All-Defensive Second Team.,Shot 2.3% from three for his career.,Went 30th overall after starting his career overseas.,"2004-2017, 2021",Cleveland initially viewed him as a throw-in in a trade.,Entered the NBA at 22 while learning a new language.,Cleveland once gave every fan a replica of his hair.
,Kwame Brown,C,BUST,1,0.15,Played 607 NBA games across 12 seasons.,Averaged only 6.6 PPG for his career.,Originally committed to play college basketball at Florida.,2001-2013,Grew up with seven siblings and planned to buy his mother a house.,Became the first high-school player ever drafted No. 1.,The executive who drafted him became his teammate months later.
,Hasheem Thabeet,C,BUST,1,0.15,Set UConn's single-game blocks record three different times.,Averaged only 2.2 PPG across 224 NBA games.,Grew up playing soccer and started basketball at 15.,2009-2014,A coach noticed him while he walked past a basketball court.,Became a two-time National Defensive Player of the Year.,The No. 2 pick was sent to the D-League as a rookie.
,Darko Miličić,C,BUST,1,0.15,Played 468 NBA games and averaged 1.3 blocks.,Averaged 1.4 PPG as an NBA rookie.,"Was a seven-foot, left-handed prospect from Serbia.",2003-2013,His team's draft pick came from a trade made six years earlier.,Became the youngest player ever to win an NBA championship.,"After basketball, tried kickboxing before becoming an apple farmer."
,Michael Olowokandi,C,BUST,1,0.15,Started all 82 games in one NBA season.,Shot just 43.5% from the field for his career.,Was born in Nigeria and raised in London.,1999-2007,"Studied engineering while competing in rugby, cricket and track.",First touched a basketball at 17 and started at 18.,Somehow became the No. 1 overall pick.
,Greg Oden,C,BUST,1,0.15,"Averaged 15.7 points, 9.6 rebounds and 3.3 blocks in college.",Played only 105 NBA regular-season games.,Won three straight state championships in high school.,"2008-2010, 2014",Dropped 25 and 12 in the NCAA championship game.,Learned to shoot free throws left-handed after injuring his right wrist.,"Went No. 1 overall, then missed his entire first NBA season."
,Rafael Araújo,C,BUST,1,0.15,Averaged 18.4 points and 10.1 rebounds as a college senior.,Averaged 2.8 PPG across only 139 NBA games.,Spent his first two U.S. college seasons at a junior college.,2004-2007,"Arrived in America speaking no English, then graduated in four years.",Became conference co-Player of the Year and an All-American.,Toronto still took him eighth overall in 2004.
,Jahlil Okafor,C,BUST,1,0.15,Became the first freshman ever named ACC Player of the Year.,Has played fewer than 250 NBA games.,"Plays chess, saxophone and tuba.","2015-2021, 2025",Won three different youth gold medals with Team USA.,Won a national championship after shooting 66.4% in college.,Went third overall after being ranked No. 1 for years.
,James Wiseman,C,BUST,1,0.15,"Averaged 19.7 points, 10.7 rebounds and 3 blocks in college.",His entire college career lasted only three games.,Studied Mandarin in high school and can speak it.,"2020-2021, 2022-present",Penny Hardaway coached him in high school and college.,"Penny Hardaway's $11,500 moving assistance triggered an NCAA case.",Golden State still drafted him second overall in 2020.
,Patrick O'Bryant,C,BUST,1,0.15,Averaged 2.9 blocks per game in his final college season.,Scored only 2.1 PPG across 90 NBA games.,Played just two college seasons.,2006-2010,Helped a No. 13 seed reach its first Sweet 16 in 51 years.,Dropped 28 points to eliminate a No. 5 seed.,A Sweet 16 run propelled him to the No. 9 pick.
,Mouhamed Sene,C,BUST,1,0.15,Won D-League Co-Defensive Player of the Year.,Played only 47 NBA games.,Played professionally in Belgium before reaching the NBA.,2006-2009,"Measured a ridiculous 7'8.5"" wingspan.",Had nine blocks in 27 minutes at the Nike Hoop Summit.,Had been studying to become a mechanic before basketball took off.
,Robert Swift,C,BUST,1,0.15,Shot 50.6% from the field for his NBA career.,Played only 97 NBA games.,Committed to USC before entering the NBA from high school.,"2004-2006, 2007-2009",Transferred high schools twice and faced an eligibility hearing.,Reportedly skipped predraft workouts because Boston promised pick 15.,Seattle drafted him 12th despite Boston promising pick 15.
,Georgios Papagiannis,C,BUST,1,0.15,Shot 85.7% from the line during his NBA career.,Played only 39 NBA games.,Spent part of high school in Pennsylvania.,2016-2018,Made his country's top professional league debut at age 14.,Became Greece's youngest modern-era top-league player.,"Was ranked around 46th by one draft board, then went 13th."
,Cole Aldrich,C,BUST,1,0.15,"Recorded 13 points, 20 rebounds and 10 blocks in March Madness.",Averaged only 3.1 PPG for his NBA career.,Won an NCAA championship before becoming a full-time starter.,2010-2018,Recorded the first official triple-double in his school's history.,Had two 20-rebound games at Kansas.,"Went 11th overall, then started only 19 NBA games."
,Alexis Ajinça,C,BUST,1,0.15,Shot 79.7% from the line for his NBA career.,Averaged only 5.3 PPG across seven NBA seasons.,"Stood 7'2"" but originally cared more about another sport.","2008-2011, 2013-2017",Was a high-level BMX racer as a child.,Started basketball because he thought it would improve his BMX jumps.,Eventually became the 20th pick in the NBA Draft.
,Jérôme Moïso,C,BUST,1,0.15,Was named Europe's top junior center at age 18.,Averaged only 2.7 PPG across 145 NBA games.,Was a left-handed prospect born in Paris.,2000-2005,Played for France's senior national team before attending college.,Moved to an American prep school partly to improve his English.,Boston still selected him 11th overall after only two college seasons.
